"anonym_id","gender","title","discipline","last_published","academia_length","phd_dissertation","brt_1","brt_2","brt_3","brt_4","pps_1","pps_2","pps_3","pps_4","pps_5","pps_6","ppa_7","ppa_8","ppa_9","ppa_10","ppa_11","ppa_12","ppr_13","ppr_14","ppr_15","ppr_16","ppr_17","ppr_18","sec_1","sec_2","sec_3","sec_4","wlb_1","wlb_2","wlb_3","wlb_4","wld_1","wld_2","wld_3","wld_4","soc_1","soc_2","soc_3","soc_4","soc_5","soc_6","opp_1","opp_2","opp_3","qrp_1","qrp_2","qrp_3","qrp_4","qrp_5","qrp_6","qrp_7","qrp_8","inf_1","inf_2","inf_3","inf_4","inf_5","inf_6","mng_1","mng_2","rla_1","rla_2","rla_3","rla_4","rla_5","rla_6","rlc_1","rlc_2","rlc_3","rlc_4","rlc_5","rlc_6","pay_1","pay_2","tol_1","tol_2","gnl_1","gnl_2","brt","gnl","inf","mng","opp","pay","ppa","ppr","pps","qrp","rla","rlc","sec","soc","tol","wlb","wld","id"
21,"Man","Assistant Professor","Non-STEM","This year","More than 10 years",NA,3,3,2,2,1,5,5,4,2,5,1,5,4,4,2,4,1,4,5,5,3,4,2,2,1,4,5,5,5,5,5,5,5,4,3,2,2,3,4,1,4,4,4,1,1,1,2,3,1,1,2,4,5,2,4,3,4,3,2,7,2,6,4,2,2,6,7,7,7,7,1,2,2,1,6,2,2,2.5,2,3.667,2.5,4,2,3.333,3.667,3.667,1.5,3.833,5.833,2.25,2.5,3.5,5,4.75,2
22,"Man","Full Professor","Non-STEM","This year","More than 10 years",NA,4,4,2,4,1,1,4,2,4,1,2,4,5,3,2,3,4,4,5,5,3,5,4,4,2,4,3,3,3,2,3,4,3,3,5,5,4,4,4,2,4,5,5,1,1,1,2,1,1,1,1,5,5,3,4,5,5,4,4,2,3,3,2,3,2,6,5,7,6,4,2,2,2,2,6,6,5,3.5,5.5,4.5,4,4.667,2,3.167,4.333,2.167,1.125,2.5,5,3.5,4,4,2.75,3.25,3
24,"Woman","PhD student","STEM (science, technology, engineering, mathematics)","This year","1-5 years","3-4 articles",3,3,3,4,4,4,4,4,4,4,5,5,5,5,4,5,4,4,2,3,3,2,4,3,2,3,5,5,5,5,4,3,3,4,3,3,3,2,2,2,4,4,4,1,1,1,1,1,1,1,1,3,3,2,3,3,3,3,3,2,3,5,3,4,4,6,6,6,6,6,4,5,5,2,3,2,2,3.25,2,2.833,3,4,5,4.833,3,4,1,3.5,5.667,3,2.5,2.5,5,3.5,4
25,"Woman","Associate Professor","Non-STEM","This year","More than 10 years",NA,3,3,2,2,3,3,5,4,3,3,4,4,4,4,2,3,2,4,5,3,3,3,5,5,3,4,4,4,4,4,4,1,4,4,2,2,2,3,4,3,4,5,5,1,1,1,2,3,1,1,1,4,4,2,3,3,4,5,5,2,3,3,3,3,4,4,5,5,3,4,2,4,4,7,5,5,4,2.5,4.5,3.333,5,4.667,4,3.5,3.333,3.5,1.375,3,3.833,4.25,2.667,6,4,3.25,5
26,"Man","Assistant Professor","Non-STEM","This year","More than 10 years",NA,3,3,2,4,4,5,5,4,4,4,3,4,4,4,3,5,4,4,5,5,4,4,4,4,3,4,4,4,4,4,4,4,4,4,4,4,3,4,4,3,3,4,3,1,1,1,1,2,1,3,3,4,4,3,4,2,3,4,4,2,2,2,3,3,3,4,5,5,3,5,2,2,2,2,4,5,6,3,5.5,3.333,4,3.333,2,3.833,4.333,4.333,1.625,2.5,4,3.75,3.667,3,4,4,6
27,"Man","Full Professor","Non-STEM","In the last year","More than 10 years",NA,2,2,2,2,1,2,2,2,2,1,3,4,4,4,2,5,5,5,5,5,5,4,5,5,5,5,1,1,1,1,3,4,3,2,5,5,3,4,4,3,5,5,5,1,1,1,1,2,1,1,1,4,3,3,4,3,4,4,3,7,3,6,6,3,2,3,3,5,6,2,1,6,6,6,6,6,6,2,6,3.5,3.5,5,6,3.667,4.833,1.667,1.125,4.5,3.333,5,4,6,1,3,7
28,"Man","Full Professor","Non-STEM","This year","More than 10 years",NA,2,3,2,3,2,2,4,3,4,2,2,3,3,4,2,4,4,4,4,4,2,4,4,4,2,5,2,1,2,2,4,4,4,4,3,3,2,4,4,3,4,4,4,2,1,1,2,4,1,2,3,4,4,3,3,3,4,3,3,5,4,6,3,5,5,5,5,7,6,5,5,7,6,6,5,5,5,2.5,5,3.5,3,4,6.5,3,3.667,2.833,2,4.667,5.5,3.75,3.167,5.5,1.75,4,8
29,"Woman","Post Doc","Non-STEM","This year","More than 10 years",NA,3,3,2,4,5,2,4,3,3,1,5,5,5,5,3,5,4,4,4,3,2,3,5,5,3,5,1,1,2,1,3,3,1,2,5,5,2,4,4,1,3,4,3,3,1,3,1,3,1,3,3,4,3,2,3,4,5,4,4,3,2,2,3,1,1,4,3,1,5,4,1,3,5,2,5,5,5,3,5,3.5,4,3.333,4,4.667,3.333,3,2.25,2,3,4.5,3.5,3.5,1.25,2.25,9
30,"Woman","Assistant Professor","Non-STEM","This year","More than 10 years",NA,4,3,2,3,2,5,4,4,3,3,4,4,4,5,4,4,4,4,4,4,4,4,5,5,4,4,4,4,3,2,3,3,3,3,2,1,1,3,3,3,3,4,4,1,1,1,2,2,1,1,1,3,4,3,4,4,4,4,4,5,3,5,3,3,3,5,5,5,3,5,4,2,2,2,2,5,5,3,5,3.667,4,3.667,2,4.167,4,3.5,1.25,3.667,4.5,4.5,2.167,2,3.25,3,10
31,"Woman","Post Doc","STEM (science, technology, engineering, mathematics)","This year","6-10 years",NA,4,1,2,3,2,4,5,1,2,4,4,5,5,5,3,5,4,4,2,2,2,4,4,4,4,4,4,5,5,4,4,5,5,5,4,4,2,3,4,3,5,5,4,2,2,2,1,2,1,1,2,3,3,2,2,3,4,4,4,1,3,2,5,1,1,1,1,3,2,1,1,5,5,5,5,6,6,2.5,6,2.833,4,4.667,5,4.5,3,3,1.625,2.167,1.5,4,3.333,5,4.5,4.75,11
32,"Woman","Full Professor","Non-STEM","In the last year","More than 10 years",NA,2,2,1,2,2,2,4,2,2,2,2,2,2,2,2,2,4,3,4,4,4,4,4,4,2,3,1,1,1,1,3,2,3,2,4,4,3,4,4,3,5,5,5,1,1,1,1,2,1,1,1,5,5,3,4,4,4,5,4,2,4,3,2,2,2,5,5,7,6,5,6,7,7,2,6,6,4,1.75,5,4.167,4.5,5,7,2,3.833,2.333,1.125,2.5,5.667,3.25,3.667,4,1,2.5,12
33,"Woman","Post Doc","Non-STEM","In the last year","6-10 years",NA,2,3,2,2,2,3,2,2,2,2,4,5,5,5,4,5,3,4,4,4,4,5,1,4,2,2,1,2,1,1,2,3,2,2,4,4,4,5,4,4,4,4,4,2,1,1,2,1,1,1,3,4,4,4,4,5,4,3,2,2,3,2,1,1,1,1,3,2,6,2,1,5,5,5,7,4,4,2.25,4,4.167,2.5,4,5,4.667,4,2.167,1.5,1.667,2.5,2.25,4.167,6,1.25,2.25,13
35,"Woman","Assistant Professor","Non-STEM","In the last year","6-10 years",NA,4,4,3,4,5,5,5,5,4,5,4,4,4,5,4,4,5,4,5,4,2,3,4,4,1,4,5,5,5,5,5,5,5,5,4,5,3,4,4,3,3,4,4,1,1,2,3,4,1,2,1,4,3,2,3,2,3,4,3,3,4,6,4,4,2,7,6,7,5,7,6,2,2,1,2,3,4,3.75,3.5,2.833,3.5,3.667,2,4.167,3.833,4.833,1.875,3.833,6.333,3.25,3.833,1.5,5,5,14
36,"Woman","PhD student","Non-STEM","This year","1-5 years","3-4 articles",4,3,2,4,5,3,3,4,2,4,4,4,4,4,4,4,4,4,3,3,3,3,1,1,1,1,3,3,3,3,3,3,3,3,5,5,4,3,3,3,4,4,4,1,1,1,1,2,1,1,1,3,1,3,3,3,3,3,3,3,3,3,5,3,3,7,4,6,4,5,4,5,5,4,5,4,4,3.25,4,2.667,3,4,5,4,3.333,3.5,1.125,3.333,5,1,3.833,4.5,3,3,15
37,"Woman","PhD student","Non-STEM","This year","1-5 years","1-2 articles",4,2,3,3,2,3,2,2,2,4,3,3,5,4,5,5,5,5,5,4,3,4,2,2,1,2,2,4,3,2,4,3,3,3,5,5,3,5,5,3,4,4,4,1,1,2,1,2,1,1,2,3,4,4,4,4,4,4,4,5,6,5,3,4,4,2,2,2,2,2,2,3,3,3,6,5,5,3,5,3.833,4,4,3,4.167,4.333,2.5,1.375,4.5,2,1.75,4.333,4.5,2.75,3.25,16
38,"Man","PhD student","Non-STEM","In the last 5 years","1-5 years","3-4 articles",4,5,4,4,4,4,4,5,2,1,4,4,4,2,4,2,3,4,3,3,2,4,2,4,3,2,1,5,1,2,4,4,4,1,2,2,2,3,4,4,3,3,3,3,3,4,5,4,3,3,3,4,4,4,4,4,4,3,4,3,3,6,3,5,7,7,1,6,1,2,7,6,6,4,5,4,3,4.25,3.5,4,3.5,3,6,3.333,3.167,3.333,3.5,4.5,4,2.75,2.833,4.5,2.25,3.25,17
40,"Woman","Full Professor","STEM (science, technology, engineering, mathematics)","This year","More than 10 years",NA,4,4,2,3,4,4,5,4,2,4,4,4,4,5,4,4,2,3,4,3,4,4,5,5,5,5,4,4,3,4,3,4,3,4,3,1,1,1,3,2,2,4,2,1,1,1,2,1,1,1,1,4,4,3,3,4,4,4,4,5,3,3,4,4,5,5,5,5,5,4,6,2,2,3,3,6,6,3.25,6,3.667,4,2.667,2,4.167,3.333,3.833,1.125,4,5,5,1.833,3,3.75,3.5,19
41,"Man","Post Doc","Non-STEM","In the last year","More than 10 years",NA,3,4,3,4,4,4,5,4,3,3,3,4,4,5,3,4,3,4,4,3,3,3,2,2,2,2,3,5,4,4,5,4,4,3,3,3,3,4,4,3,5,4,4,2,1,1,2,3,2,2,1,4,4,3,4,3,5,3,3,7,6,7,7,6,6,6,7,6,7,3,2,5,6,2,3,3,3,3.5,3,3.833,3,4.333,5.5,3.833,3.333,3.833,1.75,6.5,5.167,2,3.333,2.5,4,4,20
42,"Man","Full Professor","STEM (science, technology, engineering, mathematics)","This year","More than 10 years",NA,1,1,1,1,1,2,1,1,1,1,1,4,4,1,5,2,5,5,5,5,5,4,5,5,5,5,1,1,1,1,2,2,2,2,5,5,4,5,5,5,4,4,4,1,1,1,1,2,1,1,1,5,5,5,5,5,5,4,3,2,2,2,1,1,1,1,2,4,3,2,1,1,1,3,7,3,3,1,3,5,3.5,4,1,2.833,4.833,1.167,1.125,1.5,2.167,5,4.833,5,1,2,21
43,"Woman","PhD student","Non-STEM","This year","1-5 years","3-4 articles",3,1,1,3,2,3,2,1,2,2,3,3,3,4,2,4,4,4,4,4,4,4,3,1,2,4,1,1,1,1,3,2,2,2,4,3,3,3,4,2,4,4,4,1,1,2,2,2,2,2,3,4,4,4,4,4,4,4,4,5,5,3,5,3,4,5,5,3,3,5,1,6,6,6,6,5,5,2,5,4,4,4,6,3.167,4,2,1.875,4.167,3.667,2.5,3.167,6,1,2.25,22
44,"Woman","Post Doc","Non-STEM","This year","More than 10 years",NA,3,2,2,3,2,4,5,4,3,4,2,3,4,3,2,3,4,4,5,5,2,2,4,4,4,4,4,4,4,4,4,4,3,3,4,4,3,4,4,3,5,4,5,1,2,1,2,5,3,5,1,4,4,3,4,3,4,5,4,6,6,6,6,5,5,6,5,5,5,5,2,4,3,3,6,4,3,2.5,3.5,3.667,4.5,4.667,3.5,2.833,3.667,3.667,2.5,5.667,4.667,4,3.667,4.5,4,3.5,23
46,"Woman","Associate Professor","STEM (science, technology, engineering, mathematics)","This year","More than 10 years",NA,4,3,3,3,4,1,4,4,3,5,3,4,3,5,3,5,3,4,4,4,4,4,4,5,2,4,4,4,4,4,3,1,2,4,1,1,1,2,3,2,2,3,3,3,4,1,3,2,1,2,1,4,4,2,4,4,4,4,4,6,6,5,6,2,2,4,4,3,3,6,5,5,5,5,4,6,5,3.25,5.5,3.667,4,2.667,5,3.833,3.833,3.5,2.125,4.5,4.167,3.75,1.667,4.5,4,2.5,24
47,"Woman","Post Doc","STEM (science, technology, engineering, mathematics)","In the last 5 years","6-10 years",NA,2,1,1,2,1,2,2,1,2,4,3,2,1,2,2,3,5,5,4,5,3,5,5,4,5,5,1,1,2,1,3,3,3,2,4,5,4,4,4,4,4,5,4,1,1,1,3,1,1,3,3,4,3,3,4,4,4,5,5,2,2,2,2,1,1,2,4,2,2,1,1,6,6,5,5,5,5,1.5,5,3.667,5,4.333,6,2.167,4.5,2,1.75,1.667,2,4.75,4.167,5,1.25,2.75,25
49,"Woman","This does not apply to me","Non-STEM","This year","1-5 years",NA,3,1,2,4,2,1,4,1,2,2,5,5,5,1,4,5,5,4,5,3,5,4,4,4,2,3,4,4,4,3,4,4,4,4,4,2,2,4,5,3,5,5,5,1,1,1,1,4,1,1,1,4,4,3,4,3,5,5,5,1,1,2,4,1,1,6,5,7,6,5,4,7,7,6,6,6,6,2.5,6,3.833,5,5,7,4.167,4.333,2,1.375,1.667,5.5,3.25,3.333,6,3.75,4,26
50,"Man","Post Doc","Non-STEM","This year","More than 10 years",NA,3,2,2,4,3,5,5,4,5,5,3,3,3,4,5,3,4,4,4,4,3,4,2,1,1,2,4,4,4,4,3,4,4,4,2,4,3,3,3,3,3,3,3,1,1,2,1,2,1,1,1,3,3,3,3,3,3,3,3,3,5,5,5,2,2,3,6,5,5,5,3,3,3,2,2,3,3,2.75,3,3,3,3,3,3.5,3.833,4.5,1.25,3.667,4.5,1.5,3,2,4,3.75,27
52,"Woman","Post Doc","Non-STEM","In the last year","6-10 years",NA,2,2,2,3,2,4,5,2,2,4,4,2,2,3,2,2,4,4,3,4,4,2,5,4,2,5,3,4,4,3,3,4,4,4,5,5,4,5,5,5,5,4,5,1,4,1,1,4,1,1,1,4,4,3,4,4,4,4,4,2,6,5,6,3,5,5,5,6,6,6,5,4,5,4,5,6,6,2.25,6,3.833,4,4.667,4.5,2.5,3.5,3.167,1.75,4.5,5.5,4,4.833,4.5,3.5,3.75,29
53,"Man","Assistant Professor","Non-STEM","This year","6-10 years",NA,4,3,4,3,3,4,5,4,4,4,2,4,4,4,4,4,2,4,4,4,2,3,4,4,4,4,5,5,5,5,5,4,4,4,3,3,2,4,5,5,3,4,3,1,1,1,1,3,1,1,1,4,4,3,3,3,4,4,4,6,6,6,6,3,4,6,6,6,6,6,4,5,5,7,7,7,7,3.5,7,3.5,4,3.333,5,3.667,3.167,4,1.25,5.167,5.667,4,3.667,7,5,4.25,30
55,"Woman","Post Doc","STEM (science, technology, engineering, mathematics)","This year","1-5 years",NA,3,2,2,2,4,1,2,2,1,4,3,4,4,3,4,2,3,4,3,4,4,3,1,1,3,1,2,2,2,2,2,2,2,2,4,4,4,4,4,4,3,4,3,2,2,2,4,1,1,2,2,4,2,3,4,4,3,4,3,2,2,2,1,1,1,5,4,3,6,5,5,5,5,5,5,6,5,2.25,5.5,3.333,3.5,3.333,5,3.333,3.5,2.333,2,1.5,4.667,1.5,4,5,2,2,31
56,"Woman","This does not apply to me","Non-STEM","This year","More than 10 years",NA,4,3,3,4,3,4,3,2,3,4,5,4,5,4,4,5,4,5,3,4,4,3,4,4,3,4,2,2,2,2,4,3,3,2,5,5,3,4,4,2,4,4,4,3,2,2,3,2,1,1,1,4,3,3,4,3,4,4,3,4,2,5,5,2,6,2,4,7,4,4,4,2,2,1,6,5,4,3.5,4.5,3.5,3.5,4,2,4.5,3.833,3.167,1.875,4,4.167,3.75,3.833,3.5,2,3,32
57,"Woman","Associate Professor","Non-STEM","This year","More than 10 years",NA,2,1,2,1,1,1,2,1,2,2,3,2,2,3,5,4,3,4,4,4,5,4,5,5,5,5,2,3,2,4,3,3,2,2,3,2,2,4,4,2,5,5,5,5,1,1,3,1,1,1,4,5,5,4,4,4,4,4,5,2,2,2,2,1,7,3,5,5,5,5,2,5,5,2,4,5,5,1.5,5,4.333,4.5,5,5,3.167,4,1.5,2.125,2.667,4.167,5,2.833,3,2.75,2.5,33
58,"Woman","Full Professor","STEM (science, technology, engineering, mathematics)","This year","More than 10 years",NA,2,2,2,2,2,3,3,2,2,2,3,4,3,3,3,4,4,5,5,3,5,5,5,4,5,5,1,2,1,1,3,2,2,2,4,4,3,4,4,3,4,4,4,1,1,2,1,3,1,1,1,4,4,4,4,4,4,4,5,2,2,2,2,1,1,4,4,5,4,4,2,7,7,4,7,7,7,2,7,4,4.5,4,7,3.333,4.5,2.333,1.375,1.667,3.833,4.75,3.667,5.5,1.25,2.25,34
59,"Man","Full Professor","STEM (science, technology, engineering, mathematics)","This year","More than 10 years",NA,4,2,1,3,2,5,5,2,3,4,3,4,4,3,2,2,5,5,5,3,4,5,5,5,2,5,3,5,2,3,5,5,5,5,4,2,2,5,5,2,5,5,5,2,1,1,5,4,1,1,2,5,5,5,5,5,5,5,5,7,5,7,7,4,3,7,7,7,7,7,5,6,6,4,7,7,7,2.5,7,5,5,5,6,3,4.5,3.5,2.125,5.5,6.667,4.25,3.333,5.5,3.25,5,35
60,"Woman","Associate Professor","Non-STEM","This year","6-10 years",NA,2,3,3,2,2,5,4,1,3,2,4,5,5,4,4,4,1,2,4,3,5,3,4,3,4,4,4,5,3,2,4,3,3,3,2,2,1,2,5,2,4,5,4,1,1,1,1,2,1,1,1,5,4,3,4,4,5,4,4,7,5,6,7,4,4,6,6,7,6,7,7,5,5,1,6,6,6,2.5,6,4.167,4,4.333,5,4.333,3,2.833,1.125,5.5,6.5,3.75,2.333,3.5,3.5,3.25,36
61,"Man","PhD student","STEM (science, technology, engineering, mathematics)","This year","1-5 years","I don't know/ This does not apply to me/ 0 articles",3,2,2,2,2,4,2,2,4,2,4,4,4,4,2,4,4,4,4,4,4,3,5,5,2,5,2,2,2,2,3,4,3,2,2,2,2,4,5,2,5,4,4,1,1,1,1,2,1,1,1,4,2,4,4,3,4,5,5,1,3,5,2,2,2,7,2,3,2,2,2,2,2,2,7,7,7,2.25,7,3.5,5,4.333,2,3.667,3.833,2.667,1.125,2.5,3,4.25,2.833,4.5,2,3,37
62,"Woman","Full Professor","Non-STEM","This year","More than 10 years",NA,3,3,2,3,2,3,3,4,3,4,4,4,4,3,3,4,1,4,5,5,4,5,1,1,1,1,2,2,2,2,3,3,3,3,3,2,2,2,3,1,2,4,2,1,1,1,1,3,1,1,1,5,4,3,4,4,5,5,5,1,2,2,3,2,1,4,2,7,6,4,2,5,5,5,2,5,5,2.75,5,4.167,5,2.667,5,3.667,4,3.167,1.25,1.833,4.167,1,2.167,3.5,2,3,38
63,"Woman","Assistant Professor","Non-STEM","This year","6-10 years",NA,4,3,2,2,3,2,3,2,2,4,4,2,2,2,3,3,3,4,5,4,4,4,4,4,1,3,2,2,2,2,3,4,4,3,3,3,3,4,4,3,4,5,4,3,1,1,2,5,1,4,4,5,5,4,5,5,5,4,4,2,1,1,4,2,2,6,4,6,4,2,2,5,5,3,5,5,5,2.75,5,4.833,4,4.333,5,2.667,4,2.667,2.625,2,4,3,3.333,4,2,3.5,39
64,"Man","PhD student","STEM (science, technology, engineering, mathematics)","This year","1-5 years","I don't know/ This does not apply to me/ 0 articles",3,1,1,3,3,2,2,1,2,2,3,4,4,4,2,3,5,4,4,4,4,4,3,3,3,3,1,2,1,1,4,2,3,2,5,5,3,4,4,4,5,5,5,2,1,1,1,5,3,1,5,5,4,4,5,3,5,4,3,5,2,4,3,2,2,3,4,5,5,3,1,3,3,3,5,5,5,2,5,4.333,3.5,5,3,3.333,4.167,2,2.375,3,3.5,3,4.167,4,1.25,2.75,40
65,"Woman","Full Professor","STEM (science, technology, engineering, mathematics)","This year","1-5 years",NA,3,2,2,2,3,5,4,3,2,3,4,4,4,5,2,4,4,4,3,3,4,2,5,4,4,4,3,3,2,2,3,3,2,2,4,4,4,3,3,3,5,5,5,1,1,1,2,1,1,1,1,3,3,2,3,4,4,4,4,2,2,5,2,1,1,3,5,3,6,7,1,3,3,2,3,4,4,2.25,4,3.167,4,5,3,3.833,3.333,3.333,1.125,2.167,4.167,4.25,3.5,2.5,2.5,2.5,41
67,"Woman","Assistant Professor","STEM (science, technology, engineering, mathematics)","In the last year","More than 10 years",NA,3,2,2,3,3,4,5,3,4,3,4,4,4,4,3,4,3,4,4,4,3,3,4,3,2,4,2,3,2,2,4,2,4,2,3,3,2,4,4,4,5,5,5,1,1,2,1,2,1,2,1,4,3,3,4,3,4,4,3,5,4,4,5,5,5,6,3,6,3,4,3,4,4,3,4,5,4,2.5,4.5,3.5,3.5,5,4,3.833,3.5,3.667,1.375,4.667,4.167,3.25,3.333,3.5,2.25,3,43
68,"Man","Assistant Professor","STEM (science, technology, engineering, mathematics)","This year","1-5 years",NA,3,3,3,3,3,4,5,3,3,4,4,5,5,5,5,5,4,4,2,3,2,2,4,4,2,2,5,5,2,4,3,3,3,3,3,3,3,3,3,3,3,4,3,1,1,1,5,4,2,1,2,4,3,4,3,4,3,4,4,4,3,4,4,4,4,4,4,4,4,4,4,3,3,2,2,6,5,3,5.5,3.5,4,3.333,3,4.833,2.833,3.667,2.125,3.833,4,3,3,2,4,3,44
69,"Woman","Associate Professor","Non-STEM","In the last year","More than 10 years",NA,2,1,2,2,3,5,4,1,4,4,1,3,4,4,1,4,5,4,5,4,5,2,5,5,1,5,1,2,2,2,3,2,3,3,4,2,2,4,4,2,4,5,4,1,3,2,1,3,1,1,3,4,3,3,5,4,4,5,5,2,4,1,2,1,1,2,7,6,1,2,1,6,6,6,6,5,6,1.75,5.5,3.833,5,4.333,6,2.833,4.167,3.5,1.875,1.833,3.167,4,3,6,1.75,2.75,45
70,"Woman","Associate Professor","STEM (science, technology, engineering, mathematics)","In the last year","More than 10 years",NA,4,4,3,4,4,4,5,4,4,4,3,4,4,3,4,3,4,3,4,4,2,2,5,1,5,5,5,5,5,5,4,4,4,4,4,4,2,1,1,1,4,4,4,2,1,1,4,5,1,2,1,3,3,3,3,4,4,3,3,3,4,4,4,3,2,6,2,5,3,2,2,2,2,3,3,5,5,3.75,5,3.333,3,4,2,3.5,3.167,4.167,2.125,3.333,3.333,4,2.167,3,5,4,46
71,"Man","Associate Professor","STEM (science, technology, engineering, mathematics)","This year","More than 10 years",NA,3,2,1,3,1,4,4,2,2,2,2,4,4,3,3,4,5,5,5,5,5,5,5,5,5,5,1,5,1,1,3,4,3,5,3,3,1,4,5,3,4,4,4,1,1,3,4,3,1,4,4,5,4,3,4,4,5,5,5,3,2,6,5,2,2,5,3,6,4,4,4,6,6,6,5,6,6,2.25,6,4.167,5,4,6,3.333,5,2.5,2.625,3.333,4.333,5,3.167,5.5,2,3.75,47
72,"Man","Post Doc","STEM (science, technology, engineering, mathematics)","This year","More than 10 years",NA,3,3,2,3,4,4,5,4,4,2,3,4,4,5,3,4,5,5,3,3,2,4,2,2,1,2,4,4,4,4,4,3,3,3,4,4,4,4,4,4,3,4,3,1,1,1,3,4,1,1,1,3,4,3,3,3,4,3,3,5,4,6,3,2,5,5,6,4,2,4,4,5,5,2,2,5,5,2.75,5,3.333,3,3.333,5,3.833,3.667,3.833,1.625,4.167,4.167,1.75,4,2,4,3.25,48
74,"Man","Full Professor","STEM (science, technology, engineering, mathematics)","This year","More than 10 years",NA,2,1,2,2,1,2,2,1,1,1,3,3,4,2,1,4,5,5,5,4,4,5,5,5,5,5,1,2,2,1,3,4,3,2,5,5,3,5,4,4,5,5,5,1,1,3,5,2,2,1,1,5,5,4,5,4,5,5,4,3,3,6,6,1,1,2,2,6,6,2,1,7,7,2,6,6,6,1.75,6,4.667,4.5,5,7,2.833,4.667,1.333,2,3.333,3.167,5,4.333,4,1.5,3,49
76,"Woman","Full Professor","Non-STEM","In the last year","More than 10 years",NA,3,2,2,3,2,4,4,3,2,4,3,3,3,2,3,2,4,5,5,4,5,4,5,5,4,5,4,4,4,4,4,5,4,4,5,4,4,4,5,3,5,5,5,1,1,1,1,2,1,1,1,4,4,3,4,4,4,4,4,5,4,5,6,3,5,6,5,7,3,3,4,6,6,4,6,4,4,2.5,4,3.833,4,5,6,2.667,4.5,3.167,1.125,4.667,4.667,4.75,4.167,5,4,4.25,50
77,"Man","This does not apply to me","STEM (science, technology, engineering, mathematics)","This year","6-10 years",NA,4,2,3,4,2,5,5,4,4,4,3,5,5,5,5,5,4,4,4,4,2,3,3,2,2,2,5,4,5,5,3,4,4,4,4,3,4,3,4,3,4,4,4,1,1,1,3,2,2,1,1,4,4,3,4,2,4,4,4,2,2,2,3,2,2,5,4,5,5,2,2,6,6,6,5,5,5,3.25,5,3.5,4,4,6,4.667,3.5,4,1.5,2.167,3.833,2.25,3.5,5.5,4.75,3.75,51
78,"Woman","Associate Professor","STEM (science, technology, engineering, mathematics)","This year","More than 10 years",NA,4,3,3,2,3,4,4,3,3,5,4,3,4,4,2,3,3,3,4,4,3,3,5,4,4,5,2,4,4,4,3,4,3,3,2,1,1,2,2,1,3,4,3,1,3,3,3,4,3,1,2,4,2,4,4,3,4,4,3,3,3,3,3,2,2,2,4,4,3,2,2,5,4,2,4,5,5,3,5,3.5,3.5,3.333,4.5,3.333,3.333,3.667,2.5,2.667,2.833,4.5,1.5,3,3.5,3.25,52
79,"Man","Associate Professor","STEM (science, technology, engineering, mathematics)","This year","More than 10 years",NA,3,2,2,3,2,3,4,2,2,1,2,3,3,3,3,4,5,5,5,5,5,3,5,5,3,5,2,3,2,2,3,3,3,3,3,2,2,4,5,4,5,5,5,2,1,1,4,1,1,1,2,5,4,3,4,3,5,4,4,2,4,2,2,1,1,5,6,6,2,4,2,2,2,2,6,6,6,2.5,6,4,4,5,2,3,4.667,2.333,1.625,2,4.167,4.5,3.333,4,2.25,3,53
80,"Man","Full Professor","Non-STEM","This year","More than 10 years",NA,4,4,4,4,2,4,5,5,4,5,5,5,5,5,3,4,4,4,4,4,4,2,4,3,3,4,3,4,3,3,5,5,4,5,1,1,1,4,2,1,5,5,5,1,1,1,3,1,1,3,2,4,5,3,4,4,5,4,2,7,7,6,7,6,7,6,6,7,6,6,4,6,6,5,5,4,4,4,4,4.167,3,5,6,4.5,3.667,4.167,1.625,6.667,5.833,3.5,1.667,5,3.25,4.75,54
81,"Woman","Associate Professor","Non-STEM","This year","More than 10 years",NA,3,3,1,4,4,3,4,2,3,2,2,3,4,2,2,4,4,4,4,4,4,4,5,4,4,5,1,1,1,1,3,3,3,2,5,5,3,5,5,2,4,5,4,1,1,1,1,5,1,4,2,4,4,3,4,4,5,4,4,1,2,2,2,1,1,2,5,6,6,5,1,6,6,6,6,5,5,2.75,5,4,4,4.333,6,2.833,4,3,2,1.5,4.167,4.5,4.167,6,1,2.75,55
82,"Woman","Associate Professor","STEM (science, technology, engineering, mathematics)","This year","More than 10 years",NA,4,3,2,3,4,4,4,4,4,4,4,3,3,4,3,4,3,3,5,5,3,3,4,4,1,3,4,4,4,4,5,5,5,4,3,3,2,3,3,2,4,4,3,5,1,1,3,4,1,3,3,4,4,4,4,3,4,3,3,4,3,4,4,2,2,3,5,5,6,2,2,6,3,2,2,6,5,3,5.5,3.833,3,3.667,4.5,3.5,3.667,4,2.625,3.167,3.833,3,2.667,2,4,4.75,56
83,"Woman","Associate Professor","STEM (science, technology, engineering, mathematics)","This year","More than 10 years",NA,4,3,2,3,3,2,5,3,4,4,3,2,1,1,3,1,4,5,5,5,5,5,3,2,2,3,5,5,5,5,5,5,5,4,3,3,3,4,5,4,4,5,3,5,1,1,1,3,2,2,1,4,4,3,4,3,4,5,5,3,5,6,6,4,1,7,5,7,6,5,5,5,5,2,3,7,7,3,7,3.667,5,4,5,1.833,4.833,3.5,2,4.167,5.833,2.5,3.667,2.5,5,4.75,57
84,"Woman","Full Professor","Non-STEM","This year","More than 10 years",NA,3,2,2,4,3,5,5,4,2,4,1,2,2,1,2,2,3,5,5,4,5,5,5,5,5,5,4,4,4,4,3,5,5,5,5,5,3,4,5,3,5,5,5,1,1,1,1,3,1,2,1,5,5,3,5,3,5,4,4,5,2,2,2,1,1,7,4,7,6,4,3,7,7,6,7,4,4,2.75,4,4.333,4,5,7,1.667,4.5,3.833,1.375,2.167,5.167,5,4.167,6.5,4,4.5,58
85,"Man","Assistant Professor","Non-STEM","This year","6-10 years",NA,3,1,1,2,2,4,3,1,2,2,2,3,4,3,2,3,3,5,5,4,4,4,5,5,5,5,4,4,3,4,3,2,1,2,5,5,5,3,3,3,4,5,5,1,1,1,3,4,1,1,2,4,4,4,4,4,4,5,5,2,3,2,3,2,2,2,3,3,6,3,2,6,4,6,6,7,6,1.75,6.5,4,5,4.667,5,2.833,4.167,2.333,1.75,2.333,3.167,5,4,6,3.75,2,59
86,"Woman","Full Professor","STEM (science, technology, engineering, mathematics)","In the last year","More than 10 years",NA,4,2,2,4,4,4,4,3,2,3,2,4,4,4,3,3,4,5,5,4,3,4,5,5,4,5,3,4,4,4,4,4,4,4,4,2,1,4,4,2,4,3,3,2,1,2,3,3,2,3,3,4,5,3,3,3,4,4,3,5,4,5,3,5,5,5,4,6,5,5,4,3,2,2,3,4,3,3,3.5,3.667,3.5,3.333,2.5,3.333,4.167,3.333,2.375,4.5,4.833,4.75,2.833,2.5,3.75,4,60
87,"Man","Associate Professor","STEM (science, technology, engineering, mathematics)","This year","More than 10 years",NA,2,1,1,2,1,1,3,2,3,2,1,2,3,2,1,4,5,5,5,5,5,5,5,5,5,5,1,2,2,1,2,3,2,2,5,5,4,5,5,3,5,5,5,1,1,2,4,4,1,1,1,4,3,3,4,4,5,5,5,1,1,1,1,1,1,1,2,2,2,2,1,6,6,3,4,7,7,1.5,7,3.833,5,5,6,2.167,5,2,1.875,1,1.667,5,4.5,3.5,1.5,2.25,61
89,"Woman","PhD student","STEM (science, technology, engineering, mathematics)","In the last year","1-5 years","3-4 articles",4,4,3,4,2,5,5,4,5,4,4,4,4,4,2,5,2,4,5,2,2,3,4,5,2,3,5,4,4,5,2,5,4,5,5,5,3,3,3,2,5,3,4,3,1,4,4,2,1,1,2,3,2,1,3,3,4,3,2,2,3,2,3,2,2,7,3,7,2,5,2,1,3,2,1,5,4,3.75,4.5,2.667,2.5,4,2,3.833,3,4.167,2.25,2.333,4.333,3.5,3.5,1.5,4.5,4,62
90,"Man","Full Professor","Non-STEM","In the last year","More than 10 years",NA,3,2,2,3,3,4,5,3,4,3,2,4,3,3,4,4,4,4,4,4,2,3,5,5,5,5,4,4,3,3,4,3,3,4,4,4,2,4,4,2,5,5,5,2,1,2,1,2,1,4,1,4,3,2,4,3,4,4,3,2,2,2,3,2,2,5,1,2,2,2,2,6,6,4,5,5,4,2.5,4.5,3.333,3.5,5,6,3.333,3.5,3.667,1.75,2.167,2.333,5,3.333,4.5,3.5,3.5,63
91,"Woman","Full Professor","Non-STEM","In the last year","More than 10 years",NA,2,2,1,2,2,4,4,2,1,3,2,4,3,3,3,4,4,4,4,4,4,4,3,3,2,3,2,2,2,2,3,3,3,4,3,3,2,4,4,3,5,5,5,1,1,1,1,2,1,1,1,4,5,5,4,4,5,5,4,2,1,1,1,1,1,1,1,5,5,1,1,6,6,5,7,5,5,1.75,5,4.5,4.5,5,6,3.167,4,2.667,1.125,1.167,2.333,2.75,3.167,6,2,3.25,64
92,"Man","Assistant Professor","STEM (science, technology, engineering, mathematics)","This year","More than 10 years",NA,2,2,2,2,3,4,4,3,2,3,2,2,2,3,4,4,4,5,5,2,4,4,5,5,5,5,2,3,2,2,2,2,3,3,4,4,2,4,4,4,5,5,5,4,1,2,4,4,2,2,2,5,5,4,5,4,5,5,5,3,3,5,3,3,2,2,2,6,3,3,4,6,6,6,6,6,6,2,6,4.667,5,5,6,2.833,4,3.167,2.625,3.167,3.333,5,3.667,6,2.25,2.5,65
93,"Woman","Full Professor","STEM (science, technology, engineering, mathematics)","This year","More than 10 years",NA,3,3,4,3,4,5,5,5,1,3,4,4,4,4,2,3,3,3,5,4,4,4,5,5,5,5,4,4,4,4,4,3,3,3,5,5,3,5,5,4,5,5,5,2,3,1,2,3,1,1,2,5,4,4,5,4,4,4,4,1,2,2,2,2,2,3,4,6,2,3,2,5,5,3,3,5,5,3.25,5,4.333,4,5,5,3.5,3.833,3.833,1.875,1.833,3.333,5,4.5,3,4,3.25,66
95,"Woman","Full Professor","STEM (science, technology, engineering, mathematics)","In the last year","More than 10 years",NA,4,4,2,5,1,3,4,2,3,4,2,4,4,5,5,4,4,5,5,4,4,3,5,4,5,5,4,4,4,4,4,5,4,5,4,2,3,4,4,4,4,4,3,2,1,1,1,2,2,2,2,4,5,3,4,3,4,3,3,5,3,4,3,2,2,6,6,5,5,5,1,6,6,6,5,5,4,3.75,4.5,3.833,3,3.667,6,4,4.167,2.833,1.625,3.167,4.667,4.75,3.5,5.5,4,4.5,67
96,"Man","Full Professor","STEM (science, technology, engineering, mathematics)","This year","More than 10 years",NA,4,3,3,2,1,5,4,2,2,3,3,4,4,3,3,3,3,4,5,4,4,4,4,4,4,4,2,4,2,2,3,2,2,2,3,3,3,3,4,4,5,5,5,1,1,1,1,1,1,1,1,5,4,3,3,4,4,4,4,2,2,2,2,3,3,3,2,2,5,2,2,1,1,1,2,6,6,3,6,3.833,4,5,1,3.333,4,2.833,1,2.333,2.667,4,3.333,1.5,2.5,2.25,68
97,"Man","Assistant Professor","STEM (science, technology, engineering, mathematics)","In the last year","More than 10 years",NA,4,4,3,5,4,4,4,4,4,4,4,4,4,3,4,4,4,4,3,2,3,3,1,4,1,3,5,4,5,5,3,3,3,3,3,3,3,4,3,3,4,3,3,1,1,1,3,4,1,4,2,2,3,2,3,2,3,3,3,4,4,5,6,5,5,7,7,7,7,3,5,4,4,2,2,5,4,4,4.5,2.5,3,3.333,4,3.833,3.167,4,2.125,4.833,6,2.25,3.167,2,4.75,3,69
98,"Woman","Full Professor","STEM (science, technology, engineering, mathematics)","This year","More than 10 years",NA,3,3,2,1,1,1,1,1,2,1,3,4,2,3,2,4,3,5,5,5,5,5,5,5,4,5,1,1,2,1,2,2,2,2,2,2,2,4,4,3,3,5,3,1,1,1,1,3,1,1,1,4,5,4,4,4,4,4,3,2,2,2,2,1,1,5,2,6,3,4,5,6,6,6,6,6,6,2.25,6,4.167,3.5,3.667,6,3,4.667,1.167,1.25,1.667,4.167,4.75,2.833,6,1.25,2,70
99,"Woman","Associate Professor","Non-STEM","In the last year","More than 10 years",NA,3,2,1,3,4,2,2,2,1,1,4,5,5,3,4,4,5,5,5,5,5,3,5,5,3,5,1,2,1,1,4,4,3,2,4,4,3,4,4,3,5,5,5,2,3,2,1,4,1,1,1,5,5,5,5,4,5,4,5,1,2,7,3,2,2,2,6,2,6,2,2,3,3,1,1,6,6,2.25,6,4.833,4.5,5,3,4.167,4.667,2,1.875,2.833,3.333,4.5,3.667,1,1.25,3.25,71
100,"Woman","Post Doc","Non-STEM","In the last year","6-10 years",NA,2,2,1,3,3,4,3,2,5,4,3,2,3,3,3,4,4,4,3,3,4,4,2,2,2,2,3,4,4,3,3,4,3,4,5,5,3,4,4,2,5,5,5,1,3,2,2,3,1,3,2,4,2,2,4,3,4,4,4,5,4,5,5,4,5,5,2,1,2,2,1,2,2,1,3,6,5,2,5.5,3.167,4,5,2,3,3.667,3.5,2.125,4.667,2.167,2,3.833,2,3.5,3.5,72
101,"Woman","Assistant Professor","STEM (science, technology, engineering, mathematics)","This year","More than 10 years",NA,3,2,1,2,4,4,4,2,3,2,3,3,3,3,3,3,3,4,4,4,2,4,3,2,1,3,1,1,2,2,4,4,4,4,4,3,3,5,5,5,5,5,5,2,1,2,2,2,1,2,2,4,4,3,5,3,5,4,4,3,5,6,5,4,3,7,5,7,5,5,3,6,6,3,5,7,6,2,6.5,4,4,5,6,3,3.5,3.167,1.75,4.333,5.333,2.25,4.167,4,1.5,4,73
102,"Woman","Associate Professor","Non-STEM","In the last year","More than 10 years",NA,3,3,2,3,1,3,4,2,3,2,3,3,3,4,3,2,4,4,4,4,3,4,5,5,4,5,2,2,2,2,4,4,3,3,4,4,2,3,3,2,4,5,4,4,2,3,4,2,3,3,5,3,3,3,4,4,4,4,4,2,3,2,2,2,2,4,2,2,6,2,1,6,6,4,5,4,4,2.75,4,3.5,4,4.333,6,3,3.833,2.5,3.25,2.167,2.833,4.75,3,4.5,2,3.5,74
103,"Woman","Associate Professor","Non-STEM","This year","More than 10 years",NA,3,2,1,4,4,3,4,4,4,3,5,5,4,5,4,5,4,1,5,5,4,3,5,5,5,5,4,4,3,3,5,2,5,4,3,4,1,3,5,1,2,5,3,1,1,2,3,4,2,3,1,5,4,3,5,4,4,4,3,4,3,3,5,4,4,4,5,7,7,5,2,3,2,6,4,3,3,2.5,3,4.167,3.5,3.333,2.5,4.667,3.667,3.667,2.125,3.833,5,5,2.833,5,3.5,4,75
104,"Woman","Full Professor","STEM (science, technology, engineering, mathematics)","This year","More than 10 years",NA,4,2,2,3,3,4,4,2,2,4,4,4,2,2,4,2,4,5,5,5,4,5,5,5,5,5,4,5,4,4,3,1,4,5,5,5,4,5,5,3,2,4,3,2,1,1,2,2,1,2,3,4,4,2,4,3,4,4,4,6,5,6,5,2,5,6,6,6,5,5,5,6,6,3,3,5,5,2.75,5,3.5,4,3,6,3,4.667,3.167,1.75,4.833,5.5,5,4.5,3,4.25,3.25,76
105,"Woman","This does not apply to me","Non-STEM","This year","Less than 1 year",NA,1,1,1,1,1,1,1,1,1,1,1,4,5,5,4,5,5,5,5,5,5,3,3,3,3,3,2,4,2,2,3,3,2,3,5,5,3,5,5,3,5,4,5,1,1,1,1,1,1,1,1,4,4,4,4,4,4,4,4,4,4,5,5,5,5,4,4,4,4,4,4,4,4,4,4,4,4,1,4,4,4,4.667,4,4,4.667,1,1,4.667,4,3,4.333,4,2.5,2.75,77
106,"Woman","Post Doc","STEM (science, technology, engineering, mathematics)","This year","6-10 years",NA,3,2,2,3,2,4,4,3,2,4,2,2,4,4,4,4,4,4,4,4,4,4,4,2,2,3,4,4,4,4,3,3,3,3,4,3,3,4,4,3,5,5,4,1,2,4,4,4,1,1,4,4,4,3,4,2,4,4,3,3,3,5,4,3,3,5,5,5,5,5,5,5,5,2,6,2,2,2.5,2,3.5,3.5,4.667,5,3.333,4,3.167,2.625,3.5,5,2.75,3.5,4,4,3,78
107,"Woman","Associate Professor","STEM (science, technology, engineering, mathematics)","This year","More than 10 years",NA,3,3,2,3,2,2,4,1,2,2,3,4,4,3,3,4,4,4,4,4,5,4,4,4,2,3,2,2,3,2,4,4,4,4,4,3,3,5,5,5,3,5,4,2,1,1,3,3,2,2,2,4,4,5,4,4,4,4,5,2,2,1,2,1,1,4,6,6,6,7,2,6,6,2,5,5,6,2.75,5.5,4.167,4.5,4,6,3.5,4.167,2.167,2,1.5,5.167,3.25,4.167,3.5,2.25,4,79
108,"Man","Full Professor","STEM (science, technology, engineering, mathematics)","This year","More than 10 years",NA,3,2,2,3,3,2,2,1,2,4,2,4,3,4,3,4,2,4,4,4,5,5,5,5,5,5,2,2,2,2,4,4,2,2,2,2,1,4,4,2,2,4,3,1,1,2,2,4,1,1,2,4,5,5,5,4,5,4,3,2,1,2,2,1,1,5,3,6,2,2,2,4,4,4,4,6,6,2.5,6,4.667,3.5,3,4,3.333,4,2.333,1.75,1.5,3.333,5,2.5,4,2,3,80
109,"Woman","Full Professor","Non-STEM","This year","More than 10 years",NA,1,1,2,2,1,3,2,2,1,2,1,1,3,2,3,2,5,5,5,5,5,4,5,5,5,5,1,1,1,1,3,3,2,2,3,3,2,5,4,3,4,5,4,1,2,1,2,3,1,2,1,5,4,3,4,3,4,5,5,2,2,2,2,1,1,2,2,3,4,2,1,5,6,4,4,6,6,1.5,6,3.833,5,4.333,5.5,2,4.833,1.833,1.625,1.667,2.333,5,3.333,4,1,2.5,81
110,"Man","Associate Professor","STEM (science, technology, engineering, mathematics)","In the last year","6-10 years",NA,4,4,4,4,3,4,3,4,4,2,4,4,4,5,2,4,2,4,2,4,2,4,2,4,1,3,5,5,4,1,3,3,3,2,2,2,2,4,4,1,5,3,3,1,2,1,4,4,2,2,2,3,3,3,3,3,3,3,3,5,4,4,4,4,4,6,4,4,4,4,4,2,2,4,4,7,7,4,7,3,3,3.667,2,3.833,3,3.333,2.25,4.167,4.333,2.5,2.5,4,3.75,2.75,82
111,"Woman","Post Doc","Non-STEM","This year","More than 10 years",NA,3,2,1,1,2,4,5,2,3,4,3,4,4,4,2,4,5,4,5,4,2,5,4,4,2,5,4,4,3,4,3,4,3,3,3,4,1,4,4,2,4,5,5,1,1,2,3,3,1,2,4,4,5,4,4,4,4,5,4,3,2,3,4,2,2,5,3,5,3,2,3,3,3,6,6,6,6,1.75,6,4.167,4.5,4.667,3,3.5,4.167,3.333,2.125,2.667,3.5,3.75,3,6,3.75,3.25,83
112,"Woman","Associate Professor","STEM (science, technology, engineering, mathematics)","This year","More than 10 years",NA,4,3,2,3,5,5,5,3,3,5,3,5,5,5,2,4,3,4,5,5,3,4,3,2,1,4,3,4,4,5,5,4,4,5,4,4,4,3,4,3,4,4,4,2,1,2,4,4,1,2,4,4,3,2,4,3,5,4,3,6,5,5,6,5,4,6,4,6,6,5,1,2,3,3,3,5,5,3,5,3.5,3.5,4,2.5,4,4,4.333,2.5,5.167,4.667,2.5,3.667,3,4,4.5,84
114,"Woman","Full Professor","Non-STEM","This year","More than 10 years",NA,4,3,2,3,1,5,5,3,4,3,5,5,5,5,5,5,3,4,5,5,2,3,5,5,5,5,5,5,5,5,4,4,4,5,3,2,1,4,5,2,4,5,3,1,1,1,3,2,1,1,1,3,3,2,4,3,4,3,3,2,2,5,2,1,1,5,4,7,6,5,1,5,5,3,4,4,4,3,4,3.167,3,4,5,5,3.667,3.5,1.375,2.167,4.667,5,2.833,3.5,5,4.25,85
115,"Woman","Associate Professor","Non-STEM","This year","More than 10 years",NA,3,2,3,2,3,4,5,3,4,3,1,3,3,3,3,2,5,5,5,4,3,4,5,5,5,5,4,5,5,5,4,3,3,4,5,3,2,3,4,3,5,5,5,3,1,1,2,3,1,1,1,5,4,5,5,5,5,5,4,4,2,4,3,4,4,5,4,6,5,5,2,2,4,3,6,7,5,2.5,6,4.833,4.5,5,3,2.5,4.333,3.667,1.625,3.5,4.5,5,3.333,4.5,4.75,3.5,86
116,"Woman","Post Doc","Non-STEM","In the last year","6-10 years",NA,3,4,4,2,4,3,4,3,4,4,4,5,5,5,4,5,3,3,4,4,3,3,3,2,2,3,2,3,2,2,4,4,4,4,3,2,3,3,5,3,4,4,5,2,1,3,2,4,1,2,3,4,4,3,4,4,4,3,3,5,6,6,6,4,5,6,6,7,7,6,4,6,6,6,6,3,3,3.25,3,3.833,3,4.333,6,4.667,3.333,3.667,2.25,5.333,6,2.5,3.167,6,2.25,4,87
117,"Man","PhD student","STEM (science, technology, engineering, mathematics)","This year","1-5 years","3-4 articles",2,2,2,3,1,5,3,2,1,4,4,5,5,2,1,5,5,5,5,5,5,4,5,5,5,5,1,2,1,2,2,3,4,4,5,5,5,3,2,2,5,5,5,1,1,1,1,1,1,1,1,3,5,5,5,5,5,5,5,2,1,1,1,1,1,1,4,2,6,4,2,2,2,1,1,7,7,2.25,7,4.667,5,5,2,3.667,4.833,2.667,1,1.167,3.167,5,3.667,1,1.5,3.25,88
118,"Man","Associate Professor","STEM (science, technology, engineering, mathematics)","This year","More than 10 years",NA,3,1,1,3,1,3,4,1,2,5,1,4,4,3,4,4,2,4,4,5,5,2,5,4,2,4,5,4,4,5,5,2,5,4,3,3,2,3,3,2,5,3,3,1,1,3,2,5,1,1,2,3,3,2,3,2,3,4,3,3,5,5,3,3,3,7,5,5,5,5,5,5,5,1,3,2,2,2,2,2.667,3.5,3.667,5,3.333,3.667,2.667,2,3.667,5.333,3.75,2.667,2,4.5,4,89
119,"Man","PhD student","STEM (science, technology, engineering, mathematics)","In the last year","1-5 years","1-2 articles",2,2,2,2,4,4,3,4,3,2,4,4,4,4,5,4,4,4,2,2,4,3,3,4,2,3,3,4,3,4,5,3,3,3,4,3,3,3,4,4,2,4,3,3,1,4,4,4,3,3,3,4,2,2,2,2,2,2,2,4,2,5,2,5,5,5,2,6,3,3,4,3,4,5,5,4,4,2,4,2.333,2,3,3.5,4.167,3.167,3.333,3.125,3.833,3.833,3,3.5,5,3.5,3.5,90
120,"Woman","PhD student","STEM (science, technology, engineering, mathematics)","This year","6-10 years","3-4 articles",2,2,2,3,2,3,2,2,2,4,3,4,2,2,2,2,4,5,5,2,4,3,1,1,1,1,1,1,4,1,2,3,3,2,5,2,2,4,5,4,5,5,5,1,3,2,2,5,1,5,2,4,3,1,4,3,4,4,3,2,2,2,3,2,1,4,2,5,1,4,2,4,3,7,7,4,4,2.25,4,3.167,3.5,5,3.5,2.5,3.833,2.5,2.625,2,3,1,3.667,7,1.75,2.5,91
121,"Woman","Post Doc","Non-STEM","This year","6-10 years",NA,3,2,2,2,2,2,4,2,2,2,4,4,4,5,3,4,4,5,5,4,5,4,3,3,2,2,1,2,1,1,4,4,3,3,5,5,4,5,4,3,4,4,4,1,1,1,1,3,1,1,3,4,4,4,4,5,5,3,4,2,2,2,3,2,2,4,5,6,5,6,2,6,6,6,6,6,4,2.25,5,4.333,3.5,4,6,4,4.5,2.333,1.5,2.167,4.667,2.5,4.333,6,1.25,3.5,92
122,"Woman","Post Doc","Non-STEM","This year","6-10 years",NA,2,2,1,3,2,2,2,2,2,4,2,3,4,3,3,4,4,4,3,4,5,4,4,3,2,4,3,4,4,2,2,4,2,3,3,3,2,4,4,2,3,4,3,1,2,2,2,4,2,3,2,3,3,3,3,4,4,3,3,2,2,2,4,2,2,2,2,5,3,2,2,4,5,5,5,4,4,2,4,3.333,3,3.333,4.5,3.167,4,2.333,2.25,2.333,2.667,3.25,3,5,3.25,2.75,93
123,"Woman","PhD student","STEM (science, technology, engineering, mathematics)","This year","1-5 years","1-2 articles",3,2,2,3,2,2,2,2,2,4,2,2,2,2,2,2,4,4,4,4,4,4,4,4,4,4,1,4,2,2,3,3,2,2,5,5,4,5,5,4,5,5,5,1,1,1,2,3,1,2,2,4,4,3,3,4,4,4,4,2,2,2,2,1,1,3,2,3,6,1,1,6,6,6,6,6,6,2.5,6,3.667,4,5,6,2,4,2.333,1.625,1.667,2.667,4,4.667,6,2.25,2.5,94
124,"Man","Associate Professor","STEM (science, technology, engineering, mathematics)","This year","More than 10 years",NA,3,1,2,2,4,4,4,2,2,4,3,4,4,3,3,2,3,3,4,3,2,4,5,5,3,4,2,2,3,2,4,3,3,2,3,4,3,4,4,3,4,4,4,3,1,3,2,3,2,3,2,5,5,4,4,3,4,4,5,2,3,4,3,2,2,5,2,6,3,3,2,6,6,4,4,3,3,2,3,4.167,4.5,4,6,3.167,3.167,3.333,2.375,2.667,3.5,4.25,3.5,4,2.25,3,95
125,"Woman","Associate Professor","Non-STEM","This year","More than 10 years",NA,4,3,1,3,2,4,3,4,2,4,4,4,4,4,4,4,4,4,5,3,4,4,5,5,5,5,4,4,4,4,3,4,3,2,3,4,2,4,4,4,4,4,4,2,2,2,4,4,2,1,3,4,5,3,4,4,4,4,4,1,2,1,4,1,1,2,3,2,6,2,1,6,6,2,4,4,4,2.75,4,4,4,4,6,4,4,3.167,2.5,1.667,2.667,5,3.5,3,4,3,96
126,"Man","Assistant Professor","STEM (science, technology, engineering, mathematics)","This year","6-10 years",NA,3,2,2,4,1,1,4,1,1,1,1,4,5,2,2,2,2,4,5,5,5,4,2,3,2,2,3,2,4,2,3,3,3,4,4,4,3,4,4,4,3,4,3,1,1,1,1,1,2,2,1,5,5,5,5,4,5,5,5,2,2,6,3,4,5,4,3,6,3,4,4,5,5,1,2,3,2,2.75,2.5,4.833,5,3.333,5,2.667,4.167,1.5,1.25,3.667,4,2.25,3.833,1.5,2.75,3.25,97
127,"Woman","PhD student","STEM (science, technology, engineering, mathematics)","This year","1-5 years","More than 4 articles",4,3,3,3,2,5,4,2,5,4,2,4,4,4,2,5,3,4,2,3,4,4,3,3,2,4,5,4,5,5,5,4,3,3,5,4,5,3,4,4,4,5,4,5,3,1,2,2,1,3,1,3,3,1,1,2,3,4,4,6,4,7,6,5,5,4,3,6,2,2,1,3,4,4,7,6,6,3.25,6,2.167,4,4.333,3.5,3.5,3.333,3.667,2.25,5.5,3,3,4.167,5.5,4.75,3.75,98
128,"Woman","Associate Professor","STEM (science, technology, engineering, mathematics)","In the last year","More than 10 years",NA,2,2,2,2,1,3,4,2,3,2,2,4,3,4,3,4,5,5,4,5,4,5,4,4,3,5,2,4,2,2,3,3,2,2,3,4,3,4,4,3,4,4,4,1,1,2,5,3,2,2,4,4,5,4,5,4,5,4,4,3,4,5,5,6,2,5,4,4,3,3,1,5,5,5,7,6,5,2,5.5,4.5,4,4,5,3.333,4.667,2.5,2.5,4.167,3.333,4,3.5,6,2.5,2.5,99
129,"Woman","Associate Professor","Non-STEM","This year","6-10 years",NA,2,2,1,2,2,3,4,2,2,3,3,4,3,4,2,3,4,5,4,4,5,4,5,5,5,5,1,2,2,2,4,2,2,3,5,5,5,4,4,4,3,4,3,2,1,2,3,4,2,2,2,4,4,2,4,4,4,5,5,2,2,2,2,2,2,5,6,6,6,6,3,6,6,5,5,5,5,1.75,5,3.667,5,3.333,6,3.167,4.333,2.667,2.25,2,5.333,5,4.5,5,1.75,2.75,100
130,"Woman","Post Doc","Non-STEM","This year","1-5 years",NA,2,2,2,2,2,2,4,2,3,2,2,2,3,3,4,3,4,4,4,4,4,4,5,4,5,5,2,2,2,2,3,2,3,2,3,3,3,4,4,4,3,4,3,1,1,1,1,1,1,1,1,4,4,3,4,3,4,5,5,2,3,2,3,2,2,5,3,5,6,3,2,3,3,6,6,6,6,2,6,3.667,5,3.333,3,2.833,4,2.5,1,2.333,4,4.75,3.5,6,2,2.5,101
131,"Man","Associate Professor","STEM (science, technology, engineering, mathematics)","In the last year","More than 10 years",NA,3,2,2,3,2,4,2,2,2,2,4,4,4,4,4,4,4,4,4,4,2,3,5,5,5,5,4,4,2,4,3,3,2,2,3,4,1,4,3,1,4,4,4,1,1,2,4,4,1,2,1,4,5,4,4,4,5,4,3,2,2,2,4,2,2,2,2,3,2,2,2,5,5,6,6,5,4,2.5,4.5,4.333,3.5,4,5,4,3.5,2.333,2,2.333,2.167,5,2.667,6,3.5,2.5,102
132,"Woman","Associate Professor","Non-STEM","This year","More than 10 years",NA,3,3,3,4,4,5,5,5,4,4,4,4,3,4,3,3,3,3,4,2,2,3,4,4,3,4,4,4,4,4,4,5,5,4,1,1,1,2,2,2,2,3,2,3,2,2,2,4,2,3,3,3,4,2,3,2,3,3,3,4,5,5,5,4,3,5,5,6,6,5,4,5,2,2,2,2,1,3.25,1.5,2.833,3,2.333,3.5,3.5,2.833,4.5,2.625,4.333,5.167,3.75,1.5,2,4,4.5,103
133,"Woman","Assistant Professor","Non-STEM","This year","More than 10 years",NA,5,5,3,3,4,5,5,5,4,4,5,5,5,5,2,5,3,3,4,1,4,4,3,3,2,2,3,4,4,4,4,4,4,4,3,3,3,3,3,3,4,4,4,1,1,1,1,1,1,1,1,4,3,2,3,2,4,2,2,6,5,5,4,3,2,5,5,6,5,4,2,1,1,5,5,1,1,4,1,3,2,4,1,4.5,3.167,4.5,1,4.167,4.5,2.5,3,5,3.75,4,104
135,"Man","PhD student","STEM (science, technology, engineering, mathematics)","This year","1-5 years","1-2 articles",3,2,2,3,2,3,3,2,2,2,2,4,4,4,2,4,4,5,4,3,4,4,3,3,3,3,1,2,2,2,4,3,4,2,4,5,4,4,4,4,5,4,4,5,2,2,3,3,1,1,2,4,4,4,4,3,4,3,3,3,4,4,3,3,3,2,2,3,3,3,2,5,5,4,4,5,4,2.5,4.5,3.833,3,4.333,5,3.333,4,2.333,2.375,3.333,2.5,3,4.167,4,1.75,3.25,105
136,"Man","Full Professor","STEM (science, technology, engineering, mathematics)","This year","More than 10 years",NA,1,2,2,2,1,1,2,1,2,1,2,3,3,1,3,1,4,4,5,5,5,5,5,5,4,5,2,2,2,2,2,2,2,2,4,3,2,3,3,3,5,4,4,1,1,1,2,2,1,1,1,3,4,3,4,4,5,4,4,3,2,2,3,2,2,5,5,6,5,3,4,7,7,5,6,6,7,1.75,6.5,3.833,4,4.333,7,2.167,4.667,1.333,1.25,2.333,4.667,4.75,3,5.5,2,2,106
137,"Woman","Associate Professor","Non-STEM","In the last year","More than 10 years",NA,3,2,3,2,2,4,3,2,2,3,4,4,4,4,3,4,3,2,5,3,4,4,4,4,3,4,2,2,2,2,5,3,3,3,4,4,2,4,4,3,3,4,3,2,2,4,2,5,1,2,4,4,3,3,3,4,4,4,4,3,3,5,3,3,3,6,6,6,6,5,5,5,5,3,3,5,5,2.5,5,3.5,4,3.333,5,3.833,3.5,2.667,2.75,3.333,5.667,3.75,3.5,3,2,3.5,107
138,"Man","Full Professor","STEM (science, technology, engineering, mathematics)","This year","More than 10 years",NA,4,2,3,4,2,5,5,4,1,4,5,3,5,3,3,3,4,5,5,5,4,4,3,3,3,3,5,5,5,5,5,4,5,1,3,3,2,3,3,3,5,5,5,1,1,1,5,3,1,3,1,5,4,4,4,4,3,5,5,3,5,6,4,4,4,6,6,4,4,3,4,2,2,2,2,5,5,3.25,5,4,5,5,2,3.667,4.5,3.5,2,4.333,4.5,3,2.833,2,5,3.75,108
139,"Woman","Post Doc","STEM (science, technology, engineering, mathematics)","This year","1-5 years",NA,2,3,2,4,1,1,4,1,4,2,1,1,1,2,1,5,5,5,4,5,5,5,1,1,1,1,1,1,1,1,2,3,4,2,5,5,5,5,5,5,3,5,4,1,1,1,1,1,1,1,1,5,5,5,5,5,5,5,5,1,2,2,2,1,6,1,6,1,7,2,1,1,1,1,5,3,3,2.75,3,5,5,4,1,1.833,4.833,2.167,1,2.333,3,1,5,3,1,2.75,109
140,"Woman","Full Professor","STEM (science, technology, engineering, mathematics)","This year","More than 10 years",NA,3,3,2,3,1,2,3,2,3,3,4,3,3,3,2,3,3,4,5,4,3,4,4,4,3,4,3,4,2,3,3,2,3,3,3,3,3,3,3,3,4,4,3,4,3,3,4,2,2,2,3,3,3,3,3,3,3,3,3,4,4,4,4,4,4,4,4,4,4,4,4,3,3,1,1,4,5,2.75,4.5,3,3,3.667,3,3,3.833,2.333,2.875,4,4,3.75,3,1,3,2.75,110
141,"Woman","This does not apply to me","STEM (science, technology, engineering, mathematics)","This year","More than 10 years",NA,4,4,2,2,3,2,4,4,2,5,5,5,5,5,3,5,3,4,4,4,3,3,4,4,3,4,3,3,4,4,4,4,3,4,1,1,2,4,4,4,3,4,3,1,1,1,3,2,1,3,2,2,2,3,2,3,3,2,1,6,6,7,4,5,4,7,6,6,4,2,5,1,1,2,6,4,4,3,4,2.5,1.5,3.333,1,4.667,3.5,3.333,1.75,5.333,5,3.75,2.667,4,3.5,3.75,111
142,"Woman","Assistant Professor","Non-STEM","In the last year","6-10 years",NA,2,2,2,2,2,2,2,2,2,5,3,3,3,4,2,4,5,5,5,5,5,5,5,5,4,4,4,4,4,4,2,2,2,2,5,5,3,5,5,3,5,5,5,1,1,5,3,4,1,3,3,2,5,4,2,3,4,5,5,3,2,3,2,2,2,3,6,3,6,2,2,3,3,4,4,5,5,2,5,3.333,5,5,3,3.167,5,2.5,2.625,2.333,3.667,4.5,4.333,4,4,2,112
143,"Man","Full Professor","Non-STEM","This year","More than 10 years",NA,3,3,2,2,2,4,5,2,3,2,2,2,3,3,2,5,3,4,3,3,4,3,4,4,4,4,2,2,3,3,4,4,4,4,4,4,2,4,4,3,4,4,4,1,1,2,2,2,1,2,2,4,3,3,4,4,4,4,4,3,6,5,5,4,4,4,6,6,5,5,2,7,7,3,4,5,5,2.5,5,3.667,4,4,7,2.833,3.333,3,1.625,4.5,4.667,4,3.5,3.5,2.5,4,113
144,"Man","PhD student","STEM (science, technology, engineering, mathematics)","In the last year","1-5 years","1-2 articles",2,2,1,2,1,1,1,1,2,2,1,3,4,4,2,5,5,5,5,5,5,5,3,3,2,3,2,2,2,2,2,1,2,2,5,5,3,4,5,3,4,4,4,1,1,1,1,4,1,1,1,4,4,4,4,5,5,3,3,1,2,2,2,1,1,1,1,1,2,1,1,5,5,6,6,6,6,1.75,6,4.333,3,4,5,3.167,5,1.333,1.375,1.5,1.167,2.75,4.167,6,2,1.75,114
145,"Woman","Associate Professor","Non-STEM","This year","More than 10 years",NA,4,4,2,2,1,2,4,2,1,4,2,5,3,3,2,4,1,2,5,5,5,4,5,5,5,5,4,4,4,4,5,4,3,3,2,1,1,2,2,2,5,5,5,1,1,1,1,1,1,1,1,5,5,4,5,4,5,4,4,2,2,1,2,1,1,1,3,5,7,5,1,6,6,6,5,6,6,3,6,4.667,4,5,6,3.167,3.667,2.333,1,1.5,3.667,5,1.667,5.5,4,3.75,115
146,"Man","Full Professor","Non-STEM","This year","More than 10 years",NA,2,1,3,2,2,4,4,2,2,2,2,3,4,3,2,5,4,4,4,4,4,2,5,5,4,5,2,3,2,2,4,4,4,3,5,4,2,4,3,2,4,5,4,2,2,2,3,2,1,1,2,4,4,4,4,4,5,4,4,3,2,2,2,2,2,2,6,6,6,5,2,6,6,6,5,7,6,2,6.5,4.167,4,4.333,6,3.167,3.667,2.667,1.875,2.167,4.5,4.75,3.333,5.5,2.25,3.75,116
147,"Man","Full Professor","STEM (science, technology, engineering, mathematics)","This year","More than 10 years",NA,2,2,1,2,1,1,2,2,4,2,2,5,4,2,3,1,4,4,5,4,4,4,5,5,5,5,2,2,2,2,3,3,3,3,2,1,1,2,2,2,3,4,3,3,1,1,2,3,1,1,2,4,5,4,5,5,5,4,4,2,2,2,4,5,4,4,4,4,4,6,2,3,3,2,2,6,6,1.75,6,4.667,4,3.333,3,2.833,4.167,2,1.75,3.167,4,5,1.667,2,2,3,117
148,"Man","Associate Professor","Non-STEM","This year","More than 10 years",NA,4,4,2,3,4,5,5,5,4,2,5,5,5,5,2,5,2,4,2,1,2,1,3,3,2,4,4,4,4,4,4,5,5,4,2,3,4,3,4,2,4,5,4,1,1,2,2,2,1,3,2,3,2,2,3,3,4,3,2,6,3,5,2,5,5,3,6,7,7,7,5,4,3,2,4,2,2,3.25,2,2.833,2.5,4.333,3.5,4.5,2,4.167,1.75,4.333,5.833,3,3,3,4,4.5,118
149,"Man","Full Professor","Non-STEM","In the last year","More than 10 years",NA,2,2,1,2,2,4,1,3,2,4,3,4,4,4,2,3,5,4,5,3,4,4,4,4,2,4,1,2,2,2,3,2,2,2,1,1,1,3,3,2,4,4,3,2,1,3,3,2,2,4,4,4,5,4,5,5,4,4,3,7,6,5,6,5,5,2,1,5,3,4,1,5,6,2,4,5,5,1.75,5,4.5,3.5,3.667,5.5,3.333,4.167,2.667,2.625,5.667,2.667,3.5,1.833,3,1.75,2.25,119
150,"Man","Associate Professor","STEM (science, technology, engineering, mathematics)","This year","More than 10 years",NA,3,3,2,3,1,1,1,1,2,1,3,5,5,4,4,5,4,5,5,5,4,5,5,5,5,5,2,2,2,2,3,2,3,2,5,5,3,5,5,4,4,4,4,1,1,1,1,2,1,1,1,4,5,4,5,5,4,3,4,2,4,6,2,3,2,5,2,7,5,4,4,5,5,6,6,5,5,2.75,5,4.5,3.5,4,5,4.333,4.667,1.167,1.125,3.167,4.5,5,4.5,6,2,2.5,120
151,"Woman","PhD student","Non-STEM","This year","1-5 years","1-2 articles",3,3,3,4,4,4,4,4,3,4,1,5,4,2,4,3,1,3,4,3,3,2,3,3,3,3,5,5,5,5,5,5,5,5,2,2,1,4,4,4,4,3,3,1,1,1,2,4,1,1,2,4,1,1,3,3,3,4,4,6,6,6,6,5,5,6,2,6,6,6,6,5,5,5,3,5,5,3.25,5,2.5,4,3.333,5,3.167,2.667,3.833,1.625,5.667,5.333,3,2.833,4,5,5,121
152,"Man","PhD student","Non-STEM","This year","1-5 years","I don't know/ This does not apply to me/ 0 articles",4,4,3,4,4,4,3,4,2,4,4,3,3,2,3,4,4,4,5,4,4,4,1,1,1,2,5,5,5,5,3,3,4,3,2,2,2,3,4,3,5,5,4,5,2,2,4,4,3,2,1,4,3,3,4,3,4,3,3,3,2,2,4,2,2,5,2,2,2,2,2,2,1,3,4,3,3,3.75,3,3.5,3,4.667,1.5,3.167,4.167,3.5,2.875,2.5,2.5,1.25,2.667,3.5,5,3.25,122
153,"Woman","Full Professor","Non-STEM","This year","More than 10 years",NA,3,3,2,2,2,2,2,1,2,2,4,4,4,4,2,3,4,4,5,5,4,4,5,5,5,5,2,4,3,2,3,4,4,4,5,5,4,5,5,3,4,5,4,1,1,1,2,2,1,1,1,4,4,4,4,4,4,4,4,2,2,2,2,2,1,5,5,6,6,4,2,7,7,6,6,5,5,2.5,5,4,4,4.333,7,3.5,4.333,1.833,1.25,1.833,4.667,5,4.5,6,2.75,3.75,123
154,"Woman","Assistant Professor","STEM (science, technology, engineering, mathematics)","This year","6-10 years",NA,5,4,3,3,3,5,5,3,5,5,5,5,5,5,4,5,3,4,3,2,3,5,3,3,2,3,5,5,5,5,5,4,4,4,2,2,2,5,5,5,4,5,4,2,2,2,4,4,1,1,1,2,1,2,3,3,4,3,3,7,2,4,4,3,3,6,6,7,4,5,7,1,1,1,2,4,3,3.75,3.5,2.5,3,4.333,1,4.833,3.333,4.333,2.125,3.833,5.833,2.75,3.5,1.5,5,4.25,124
155,"Man","Full Professor","Non-STEM","This year","More than 10 years",NA,4,3,3,4,3,3,4,3,3,4,3,3,4,4,3,4,3,4,5,4,4,3,4,4,4,5,4,5,4,4,4,4,3,3,4,2,2,3,4,3,3,4,3,2,1,1,4,4,2,2,3,3,4,3,4,4,5,3,3,2,2,2,2,2,1,5,6,6,5,3,2,6,6,5,5,4,4,3.5,4,3.833,3,3.333,6,3.5,3.833,3.333,2.375,1.833,4.5,4.25,3,5,4.25,3.5,125
156,"Woman","PhD student","STEM (science, technology, engineering, mathematics)","In the last year","1-5 years","1-2 articles",4,3,1,4,5,4,5,5,3,5,3,3,3,3,3,3,5,5,2,4,2,2,3,2,1,3,4,4,4,4,5,4,4,4,5,5,3,4,4,3,5,3,4,1,1,3,2,2,1,2,1,3,2,2,3,3,4,3,3,3,2,3,3,2,2,5,5,7,4,4,1,2,1,6,4,5,5,3,5,2.833,3,4,1.5,3,3.333,4.5,1.625,2.5,4.333,2.25,4,5,4,4.25,126
157,"Man","Full Professor","STEM (science, technology, engineering, mathematics)","This year","More than 10 years",NA,3,3,2,4,4,5,5,4,4,4,5,5,5,5,3,5,4,3,5,4,1,3,5,5,2,4,1,2,2,2,4,1,5,5,4,3,2,4,4,2,4,4,4,1,1,1,1,4,1,1,1,4,3,2,4,2,4,4,4,5,5,5,5,5,4,7,7,6,7,6,4,6,6,2,2,6,6,3,6,3.167,4,4,6,4.667,3.333,4.333,1.375,4.833,6.167,4,3.167,2,1.75,3.75,127
158,"Woman","Full Professor","Non-STEM","This year","More than 10 years",NA,4,3,2,3,1,4,5,3,4,3,1,4,4,5,3,4,3,4,5,3,3,3,5,5,5,5,4,4,4,4,5,3,5,4,5,5,3,4,5,3,4,4,4,1,1,2,1,2,1,1,1,4,4,3,4,4,4,4,4,2,3,3,4,2,1,4,4,5,5,5,1,7,7,5,6,6,5,3,5.5,3.833,4,4,7,3.5,3.5,3.333,1.25,2.5,4,5,4.167,5.5,4,4.25,128
159,"Woman","PhD student","Non-STEM","This year","1-5 years","1-2 articles",4,3,2,4,4,4,2,2,2,4,3,4,4,4,2,4,3,4,3,3,3,3,4,3,1,3,3,4,3,3,3,4,3,1,2,3,2,3,4,3,5,5,5,1,1,3,2,4,3,2,2,4,4,3,4,4,4,4,3,6,6,6,4,5,5,4,5,5,4,5,3,2,2,2,4,3,3,3.25,3,3.833,3.5,5,2,3.5,3.167,3,2.25,5.333,4.333,2.75,2.833,3,3.25,2.75,129
160,"Prefer not to say","PhD student","Non-STEM","In the last year","6-10 years","More than 4 articles",5,4,2,4,5,4,3,4,4,5,4,2,3,5,2,5,4,5,2,4,1,3,1,1,1,1,5,5,4,5,3,3,4,3,2,3,3,4,4,3,4,4,4,2,1,2,2,4,1,1,3,2,1,2,4,4,4,4,4,2,2,2,3,2,2,6,2,3,4,6,7,2,2,2,5,4,4,3.75,4,2.833,4,4,2,3.5,3.167,4.167,2,2.167,4.667,1,3.167,3.5,4.75,3.25,130
161,"Woman","Associate Professor","STEM (science, technology, engineering, mathematics)","This year","More than 10 years",NA,2,3,2,2,1,4,1,2,4,2,2,5,4,4,2,4,5,5,4,5,5,4,2,2,1,2,1,1,1,1,2,4,2,2,5,5,4,5,5,3,4,4,4,2,2,4,4,5,2,2,4,4,5,3,4,5,5,4,4,1,3,3,3,1,1,3,3,5,3,3,2,6,6,5,7,7,6,2.25,6.5,4.333,4,4,6,3.5,4.667,2.333,3.125,2,3.167,1.75,4.5,6,1,2.5,131
162,"Man","Post Doc","STEM (science, technology, engineering, mathematics)","This year","6-10 years",NA,3,3,1,3,2,1,4,1,2,1,4,2,5,5,1,5,4,4,4,4,5,2,5,2,1,2,1,1,4,1,2,4,2,3,5,5,4,5,5,4,5,5,4,1,1,4,2,5,1,3,2,5,4,5,5,5,5,3,3,2,2,2,2,1,1,5,5,6,5,3,1,4,4,3,6,3,3,2.5,3,4.833,3,4.667,4,3.667,3.833,1.833,2.375,1.667,4.167,2.5,4.667,4.5,1.75,2.75,132
163,"Woman","Full Professor","STEM (science, technology, engineering, mathematics)","This year","More than 10 years",NA,3,3,2,3,3,4,4,2,4,4,3,4,3,3,4,3,4,4,4,3,4,4,4,3,3,4,4,4,4,4,4,3,3,4,2,2,2,2,3,3,4,4,4,3,1,2,4,3,2,2,1,4,4,2,4,3,4,4,3,3,4,5,5,4,4,6,4,6,5,6,4,4,5,6,5,6,6,2.75,6,3.5,3.5,4,4.5,3.333,3.833,3.5,2.25,4.167,5.167,3.5,2.333,5.5,4,3.5,133
164,"Man","Associate Professor","Non-STEM","In the last 10 years","6-10 years",NA,4,3,2,1,4,5,3,2,3,3,2,3,2,3,2,1,2,3,2,4,1,4,4,3,2,4,2,4,3,3,3,2,3,3,3,3,3,4,3,3,4,4,3,3,4,3,3,3,2,2,3,4,3,4,4,4,2,3,4,3,4,6,3,4,3,5,5,6,2,4,2,2,2,1,1,3,2,2.5,2.5,3.5,3.5,3.667,2,2.167,2.667,3.333,2.875,3.833,4,3.25,3.167,1,3,2.75,134
165,"Woman","Post Doc","Non-STEM","In the last year","6-10 years",NA,3,3,1,4,4,4,4,4,4,4,2,4,4,5,4,5,5,4,2,2,3,2,3,1,1,2,4,4,4,4,5,5,5,5,3,3,2,4,4,2,5,4,3,1,1,2,3,4,2,3,4,3,2,4,4,2,5,4,3,6,7,7,7,7,7,5,1,5,6,6,2,7,7,3,5,3,2,2.75,2.5,3.333,3.5,4,7,4,3,4,2.5,6.833,4.167,1.75,3,4,4,5,135
166,"Woman","PhD student","STEM (science, technology, engineering, mathematics)","This year","1-5 years","1-2 articles",2,3,1,2,2,1,2,2,2,1,2,3,3,4,3,4,5,5,4,3,4,4,4,4,4,4,1,1,1,1,2,2,2,2,5,5,5,5,5,5,5,5,5,2,1,3,4,3,2,3,3,4,4,3,4,5,4,3,3,3,3,3,3,3,3,3,3,5,4,4,4,5,5,5,6,3,3,2,3,4,3,5,5,3.167,4.167,1.667,2.625,3,3.833,4,5,5.5,1,2,136
167,"Woman","PhD student","Non-STEM","This year","1-5 years","3-4 articles",2,2,2,3,4,4,5,2,3,4,4,4,3,3,3,3,4,4,4,4,4,4,4,4,4,4,4,5,4,4,2,3,3,4,4,5,4,4,4,4,4,4,4,1,1,1,1,4,1,1,4,4,4,3,3,3,4,4,4,3,3,5,3,3,3,5,3,5,3,3,3,3,3,2,5,6,5,2.25,5.5,3.5,4,4,3,3.333,4,3.667,1.75,3.333,3.667,4,4.167,3.5,4.25,3,137
168,"Man","Post Doc","STEM (science, technology, engineering, mathematics)","This year","More than 10 years",NA,3,2,1,2,4,2,3,2,2,1,4,4,5,4,2,5,5,5,4,5,5,5,5,5,5,5,1,1,1,1,2,3,2,2,3,2,1,4,3,3,5,5,4,1,1,2,1,4,1,1,1,5,4,3,5,5,5,4,5,2,2,2,2,2,1,1,6,6,2,2,1,5,5,5,6,6,5,2,5.5,4.5,4.5,4.667,5,4,4.833,2.333,1.5,1.833,3,5,2.667,5.5,1,2.25,138
169,"Man","Full Professor","STEM (science, technology, engineering, mathematics)","This year","More than 10 years",NA,3,3,3,2,3,2,2,2,2,2,3,4,4,4,4,4,4,4,4,4,3,4,5,5,5,5,3,4,3,3,2,2,2,2,4,4,2,3,3,2,4,4,4,2,1,1,2,1,1,1,1,4,4,3,4,4,4,4,4,3,2,6,3,2,2,5,2,5,2,2,2,6,6,2,2,5,4,2.75,4.5,3.833,4,4,6,3.833,3.833,2.167,1.25,3,3,5,3,2,3.25,2,139
170,"Woman","PhD student","STEM (science, technology, engineering, mathematics)","In the last year","1-5 years","3-4 articles",3,3,2,2,1,1,4,4,2,4,4,5,5,5,2,5,4,5,1,1,4,1,4,3,2,4,2,4,2,2,5,4,4,1,4,5,4,5,5,3,1,3,3,2,3,2,4,2,1,2,2,1,1,3,2,3,4,3,3,2,3,6,3,2,3,2,2,2,6,3,1,3,3,5,6,4,2,2.5,3,2.333,3,2.333,3,4.333,2.667,2.667,2.25,3.167,2.667,3.25,4.333,5.5,2.5,3.5,140
171,"Woman","Assistant Professor","STEM (science, technology, engineering, mathematics)","This year","More than 10 years",NA,3,3,3,3,4,5,4,3,3,4,4,4,3,4,2,4,3,3,4,4,3,4,4,4,2,4,3,4,4,4,5,4,4,3,3,3,3,3,3,2,5,3,4,3,2,2,4,4,1,2,4,4,4,3,4,4,4,4,3,2,3,3,2,2,6,5,3,7,6,6,3,6,6,6,3,3,4,3,3.5,3.833,3.5,4,6,3.5,3.5,3.833,2.75,3,5,3.5,2.833,4.5,3.75,4,141
172,"Woman","Full Professor","Non-STEM","This year","More than 10 years",NA,1,1,1,1,1,2,2,1,1,1,2,3,3,2,4,3,5,5,5,4,3,5,5,5,5,5,1,1,1,1,2,2,2,2,5,5,3,5,5,3,4,5,4,1,1,1,1,3,1,1,1,5,4,5,5,4,5,5,5,1,1,1,2,1,1,1,1,2,2,2,1,6,6,6,6,7,7,1,7,4.667,5,4.333,6,2.833,4.5,1.333,1.25,1.167,1.5,5,4.333,6,1,2,142
173,"Man","Associate Professor","Non-STEM","This year","More than 10 years",NA,3,1,1,1,1,1,2,2,1,2,3,4,4,2,2,4,5,5,5,5,5,5,5,5,5,5,3,2,3,3,3,2,2,2,5,2,2,3,5,3,5,5,5,1,1,1,1,1,1,1,1,5,5,4,4,4,5,5,5,1,1,1,1,1,1,4,3,7,6,5,1,6,6,2,3,6,5,1.5,5.5,4.5,5,5,6,3.167,5,1.5,1,1,4.333,5,3.333,2.5,2.75,2.25,143
174,"Man","Full Professor","Non-STEM","This year","More than 10 years",NA,2,2,1,3,3,4,5,5,4,4,5,5,5,5,1,5,5,5,3,2,1,4,1,1,2,2,4,5,5,5,4,4,5,5,4,3,3,3,3,3,5,5,4,1,1,1,1,1,1,1,1,4,4,2,3,2,2,4,4,6,6,6,6,4,4,6,6,7,7,4,2,4,4,3,4,4,3,2,3.5,2.833,4,4.667,4,4.333,3.333,4.167,1,5.333,5.333,1.5,3.167,3.5,4.75,4.5,144
175,"Man","Full Professor","Non-STEM","In the last year","More than 10 years",NA,3,2,2,2,1,2,1,1,1,3,3,5,4,5,2,5,5,5,5,5,5,5,5,5,5,5,4,5,4,4,3,2,2,2,5,5,2,5,4,2,5,5,5,1,1,1,2,3,1,2,2,5,5,4,5,5,5,4,4,2,2,2,2,2,2,6,2,5,5,7,1,6,6,4,6,6,6,2.25,6,4.833,4,5,6,4,5,1.5,1.625,2,4.333,5,3.833,5,4.25,2.25,145
176,"Man","This does not apply to me","Non-STEM","This year","6-10 years",NA,2,1,2,2,3,1,5,3,4,1,4,4,5,4,3,5,3,4,4,3,5,2,3,3,3,4,2,1,2,2,2,4,4,3,3,3,2,4,4,3,4,4,4,1,1,1,4,3,1,1,1,3,4,3,3,3,4,4,4,5,2,5,4,2,2,2,5,6,5,6,3,5,5,4,4,5,5,1.75,5,3.333,4,4,5,4.167,3.5,2.833,1.625,3.333,4.5,3.25,3.167,4,1.75,3.25,146
177,"Man","PhD student","Non-STEM","This year","1-5 years","3-4 articles",3,2,1,3,4,4,2,2,2,4,4,4,4,4,4,5,4,5,5,4,4,4,4,2,2,3,1,1,2,2,4,4,4,2,5,5,5,5,5,5,4,4,4,1,1,1,1,2,1,1,1,5,5,4,5,3,4,4,3,3,5,5,6,5,6,2,5,3,6,3,3,3,5,3,5,3,2,2.25,2.5,4.333,3.5,4,4,4.167,4.333,3,1.125,5,3.667,2.75,5,4,1.5,3.5,147
178,"Woman","Assistant Professor","Non-STEM","This year","6-10 years",NA,3,3,4,4,3,4,2,2,4,4,4,4,3,4,3,4,3,4,4,4,4,2,5,4,2,5,5,4,5,5,2,2,2,3,4,3,3,3,4,4,4,4,4,5,2,4,4,2,4,4,4,5,5,4,5,5,5,5,5,2,5,6,3,1,2,5,6,7,5,5,1,5,5,3,3,5,5,3.5,5,4.833,5,4,5,3.667,3.5,3.167,3.625,3.167,4.833,4,3.5,3,4.75,2.25,148
179,"Woman","Associate Professor","STEM (science, technology, engineering, mathematics)","This year","More than 10 years",NA,2,2,2,2,2,2,2,2,2,2,2,3,4,3,2,3,4,4,4,4,4,4,4,4,4,4,2,2,2,2,2,2,2,2,4,3,3,4,4,2,3,4,3,1,1,1,1,2,2,1,1,4,4,3,4,4,4,4,4,2,2,2,2,1,1,2,2,2,2,2,1,6,6,4,4,4,4,2,4,3.833,4,3.333,6,2.833,4,2,1.25,1.667,1.833,4,3.333,4,2,2,149
180,"Woman","Assistant Professor","Non-STEM","This year","6-10 years",NA,1,1,2,2,2,5,5,2,4,1,1,1,1,5,1,5,5,5,5,5,5,4,3,3,2,2,5,5,4,5,5,5,5,5,5,5,2,5,5,5,4,5,5,1,1,1,1,1,1,1,1,4,4,3,5,5,5,4,4,2,5,5,5,6,6,2,1,7,6,5,1,1,2,1,7,5,5,1.5,5,4.333,4,4.667,1.5,2.333,4.833,3.167,1,4.833,3.667,2.5,4.5,4,4.75,5,150
181,"Man","PhD student","Non-STEM","This year","1-5 years","3-4 articles",4,2,3,3,2,4,4,3,2,2,3,5,5,5,4,5,4,4,4,3,3,3,4,4,2,4,2,4,4,4,4,4,4,3,5,5,4,4,5,5,4,4,5,1,1,1,1,1,1,1,2,4,3,3,4,4,4,4,4,5,5,5,5,3,3,2,5,4,4,4,3,5,5,5,5,6,6,3,6,3.667,4,4.333,5,4.5,3.5,2.833,1.125,4.333,3.667,3.5,4.667,5,3.5,3.75,151
182,"Woman","Assistant Professor","STEM (science, technology, engineering, mathematics)","In the last year","6-10 years",NA,4,3,3,4,2,2,4,3,2,4,5,5,4,5,3,5,3,5,5,4,5,4,5,4,2,5,2,2,2,2,4,3,4,4,5,5,3,5,5,4,4,5,5,1,1,1,2,2,1,2,1,5,5,4,5,3,5,3,3,7,2,5,5,1,1,2,5,7,6,4,1,7,7,1,5,5,5,3.5,5,4.5,3,4.667,7,4.5,4.333,2.833,1.375,3.5,4.167,4,4.5,3,2,3.75,152
183,"Man","Full Professor","STEM (science, technology, engineering, mathematics)","This year","More than 10 years",NA,3,1,2,2,2,5,5,1,1,3,3,4,4,5,2,5,4,4,5,4,5,4,5,5,5,5,3,4,3,3,4,4,4,5,3,3,2,4,4,4,5,5,5,1,1,1,3,3,1,1,1,5,5,3,5,3,5,5,5,7,7,7,5,6,5,7,4,6,4,4,2,7,7,2,2,5,5,2,5,4.333,5,5,7,3.833,4.333,2.833,1.5,6.167,4.5,5,3.333,2,3.25,4.25,153
184,"Man","Post Doc","STEM (science, technology, engineering, mathematics)","This year","More than 10 years",NA,2,1,2,1,2,1,4,1,2,2,1,4,3,5,3,5,4,5,4,5,5,5,3,3,2,3,2,2,2,2,3,1,2,2,5,5,4,5,5,4,5,5,5,1,1,3,3,2,1,2,3,5,5,4,5,5,5,5,5,3,2,2,1,2,2,3,2,2,2,2,1,2,2,2,4,5,5,1.5,5,4.833,5,5,2,3.5,4.667,2,2,2,2,2.75,4.667,3,2,2,154
185,"Man","Associate Professor","STEM (science, technology, engineering, mathematics)","This year","More than 10 years",NA,4,3,2,3,1,2,5,3,2,4,2,5,5,3,2,4,5,5,5,5,3,5,5,5,5,5,2,2,2,2,3,3,3,3,5,5,4,4,5,3,4,4,4,1,1,1,2,2,1,2,3,5,5,4,5,4,5,4,4,5,2,5,4,3,5,6,5,7,6,6,2,3,4,6,5,6,5,3,5.5,4.667,4,4,3.5,3.5,4.667,2.833,1.625,4,5.333,5,4.333,5.5,2,3,155
186,"Man","Post Doc","Non-STEM","This year","1-5 years",NA,2,2,2,3,3,2,2,2,1,2,1,1,2,2,2,2,4,5,5,4,4,5,5,5,5,5,1,2,1,2,2,2,3,2,5,5,5,5,5,4,5,5,5,1,1,2,1,1,1,2,2,5,4,3,4,4,5,4,4,3,3,2,3,1,1,2,6,5,6,4,1,6,6,6,6,6,4,2.25,5,4.167,4,5,6,1.667,4.5,2,1.375,2.167,4,5,4.833,6,1.5,2.25,156
187,"Man","Associate Professor","Non-STEM","In the last year","More than 10 years",NA,2,2,1,1,2,2,2,2,2,3,2,5,5,5,5,4,5,5,5,4,4,5,5,4,3,5,2,1,1,1,4,4,4,4,4,4,2,5,5,5,5,5,5,2,1,3,3,3,1,3,1,5,3,3,5,5,5,5,5,2,2,3,2,1,1,5,5,5,5,5,4,4,4,5,6,6,6,1.5,6,4.333,5,5,4,4.333,4.667,2.167,2.125,1.833,4.833,4.25,4.167,5.5,1.25,4,157
189,"Woman","Associate Professor","STEM (science, technology, engineering, mathematics)","This year","More than 10 years",NA,3,2,2,2,2,2,4,2,2,2,2,4,3,2,2,2,3,4,4,4,5,5,5,5,5,5,4,4,4,4,3,3,2,2,5,5,5,3,3,2,5,5,5,1,1,1,1,2,1,1,1,5,4,3,4,4,5,4,4,1,1,1,2,1,1,5,5,7,6,3,1,3,3,6,6,6,5,2.25,5.5,4.167,4,5,3,2.5,4.167,2.333,1.125,1.167,4.5,5,3.833,6,4,2.5,158
190,"Woman","Full Professor","STEM (science, technology, engineering, mathematics)","In the last year","1-5 years",NA,3,2,3,3,2,3,2,3,3,2,2,3,3,3,3,5,4,4,4,4,1,3,5,5,4,5,1,1,1,5,2,3,2,2,2,2,2,4,4,4,4,4,4,4,1,1,1,4,1,1,4,4,2,4,4,4,4,3,3,2,2,2,2,2,2,4,4,2,4,6,2,5,6,5,3,3,3,2.75,3,3.667,3,4,5.5,3.167,3.333,2.5,2.125,2,3.667,4.75,3,4,2,2.25,159
191,"Woman","Associate Professor","Non-STEM","In the last year","More than 10 years",NA,3,2,1,3,1,5,4,1,4,4,1,3,1,1,2,1,5,5,5,5,5,5,5,5,2,5,3,4,4,4,5,4,4,4,5,4,4,4,4,4,5,5,5,5,2,2,2,3,2,2,2,5,5,3,4,5,5,5,5,3,6,6,6,5,3,6,6,6,6,6,1,6,6,7,7,7,7,2.25,7,4.5,5,5,6,1.5,5,3.167,2.5,4.833,5.167,4.25,4.167,7,3.75,4.25,160
192,"Woman","Post Doc","STEM (science, technology, engineering, mathematics)","This year","1-5 years",NA,4,3,1,2,2,2,2,2,2,2,3,4,4,5,4,4,3,3,4,4,4,4,4,2,4,4,2,2,2,2,3,3,3,2,4,4,2,3,3,1,4,5,4,1,1,1,1,2,1,1,1,3,3,3,3,4,3,4,5,4,4,4,4,2,2,2,2,2,2,6,2,4,4,5,4,6,6,2.5,6,3.167,4.5,4.333,4,4,3.667,2,1.125,3.333,2.667,3.5,2.833,4.5,2,2.75,161
193,"Woman","PhD student","Non-STEM","This year","1-5 years","I don't know/ This does not apply to me/ 0 articles",2,2,2,3,1,4,1,3,1,1,3,4,4,3,4,5,5,5,5,5,5,3,5,5,5,5,1,1,1,1,3,1,2,1,4,4,4,4,4,4,5,5,5,5,1,2,1,2,3,2,2,4,4,4,4,5,4,4,3,2,4,4,5,1,1,6,5,7,7,5,3,3,3,4,7,5,5,2.25,5,4.167,3.5,5,3,3.833,4.667,1.833,2.25,2.833,5.5,5,4,5.5,1,1.75,162
194,"Woman","Full Professor","STEM (science, technology, engineering, mathematics)","In the last year","More than 10 years",NA,4,4,3,4,4,5,5,3,3,4,3,4,3,4,3,4,4,5,5,5,5,4,5,5,5,5,4,4,5,5,5,4,5,4,2,2,3,4,4,4,5,5,5,1,1,1,2,4,1,2,2,5,5,2,4,3,5,3,4,5,3,4,4,5,5,6,4,7,5,4,4,5,5,3,3,6,6,3.75,6,4,3.5,5,5,3.5,4.667,4,1.75,4.333,5,5,3.167,3,4.5,4.5,163
195,"Woman","Assistant Professor","STEM (science, technology, engineering, mathematics)","This year","More than 10 years",NA,3,2,2,1,1,3,5,2,3,2,3,4,3,3,3,4,5,5,5,5,5,5,5,5,5,5,3,5,4,4,4,5,5,4,5,3,3,3,4,5,3,5,4,2,1,2,2,4,1,1,1,5,5,3,5,4,5,5,5,1,1,1,2,1,1,6,6,7,6,1,1,6,7,3,6,6,6,2,6,4.5,5,4,6.5,3.333,5,2.667,1.75,1.167,4.5,5,3.833,4.5,4,4.5,164
196,"Woman","Full Professor","STEM (science, technology, engineering, mathematics)","In the last year","More than 10 years",NA,3,2,2,2,1,4,5,1,3,2,2,4,5,3,4,4,5,5,5,5,5,5,4,4,2,4,2,4,2,2,5,4,4,4,3,3,1,5,5,2,4,5,5,1,1,1,2,4,1,1,3,5,3,3,2,3,4,4,4,2,2,2,2,1,1,6,3,6,3,6,1,7,7,3,4,5,4,2.25,4.5,3.333,4,4.667,7,3.667,5,2.667,1.75,1.667,4.167,3.5,3.167,3.5,2.5,4.25,165
197,"Woman","Full Professor","STEM (science, technology, engineering, mathematics)","This year","More than 10 years",NA,3,2,2,3,3,4,3,2,2,4,1,1,1,2,4,3,4,4,5,5,3,4,5,4,2,5,2,4,4,4,3,3,3,3,4,2,3,3,3,2,4,5,4,2,1,3,2,5,1,1,4,5,4,3,4,5,4,4,3,2,2,2,2,2,2,6,2,7,7,2,2,7,7,5,6,3,3,2.5,3,4.167,3.5,4.333,7,2,4.167,3,2.375,2,4.333,4,2.833,5.5,3.5,3,166
198,"Woman","Associate Professor","STEM (science, technology, engineering, mathematics)","This year","More than 10 years",NA,1,1,1,3,3,2,4,1,4,2,1,4,5,5,3,5,4,4,5,3,4,4,5,5,5,5,3,4,2,2,3,5,3,5,5,5,5,5,5,4,5,5,3,1,1,1,3,5,2,1,2,5,5,5,5,3,5,5,5,3,2,2,3,2,2,7,6,7,5,3,1,3,3,5,3,7,7,1.5,7,4.667,5,4.333,3,3.833,4,2.667,2,2.333,4.833,5,4.833,4,2.75,4,167
199,"Man","This does not apply to me","STEM (science, technology, engineering, mathematics)","This year","More than 10 years",NA,2,4,2,3,4,2,2,2,2,4,4,5,5,4,3,4,5,5,4,2,5,4,5,5,2,4,2,2,3,1,3,2,3,2,4,4,4,4,4,4,5,3,4,1,2,3,2,5,2,2,1,4,3,3,4,4,5,5,5,4,5,5,3,5,5,7,5,5,3,3,5,3,2,4,6,7,7,2.75,7,3.833,5,4,2.5,4.167,4.167,2.667,2.25,4.5,4.667,4,4,5,2,2.5,168
200,"Man","Full Professor","STEM (science, technology, engineering, mathematics)","This year","More than 10 years",NA,2,2,3,4,4,5,5,5,4,4,4,4,4,5,3,4,5,5,5,2,3,5,5,1,5,5,4,4,2,3,4,4,4,4,3,2,4,5,3,3,5,5,5,5,1,1,1,3,1,1,1,5,4,4,5,5,5,5,5,5,3,6,6,4,4,5,6,7,7,6,1,6,6,6,6,7,7,2.75,7,4.667,5,5,6,4,4.167,4.5,1.75,4.667,5.333,4,3.333,6,3.25,4,169
201,"Woman","Assistant Professor","STEM (science, technology, engineering, mathematics)","This year","More than 10 years",NA,3,3,2,3,4,3,4,1,2,4,1,3,1,2,1,3,4,5,5,5,4,5,5,4,4,5,2,2,2,2,3,3,3,2,4,4,3,5,5,3,5,5,5,2,1,1,3,4,1,2,2,4,5,3,5,4,5,5,4,2,2,1,2,1,1,3,2,5,3,2,1,3,5,6,6,6,6,2.75,6,4.333,4.5,5,4,1.833,4.667,3,2,1.5,2.667,4.5,4,6,2,2.75,170
202,"Woman","Associate Professor","STEM (science, technology, engineering, mathematics)","This year","More than 10 years",NA,3,3,3,2,1,4,4,2,2,4,3,4,4,3,2,3,4,5,5,5,5,4,5,5,5,5,4,4,2,2,4,4,4,4,3,3,3,3,4,4,4,4,4,1,1,2,2,4,1,3,1,5,5,3,4,4,4,4,4,3,6,3,3,2,2,7,6,7,6,6,2,5,6,6,5,5,5,2.75,5,4.167,4,4,5.5,3.167,4.667,2.833,1.875,3.167,5.667,5,3.333,5.5,3,4,171
203,"Woman","Post Doc","Non-STEM","This year","6-10 years",NA,5,5,3,5,4,5,5,5,2,4,5,5,5,5,4,5,3,4,1,1,1,2,4,4,1,4,5,5,5,5,5,5,5,4,2,3,3,3,2,3,2,2,2,1,1,1,1,2,1,1,1,2,1,2,2,3,2,4,3,5,6,6,6,5,5,7,2,6,6,4,4,1,1,1,1,5,5,4.5,5,2,3.5,2,1,4.833,2,4.167,1.125,5.5,4.833,3.25,2.667,1,5,4.75,172
204,"Man","Assistant Professor","Non-STEM","This year","More than 10 years",NA,4,4,3,5,3,5,3,4,2,5,3,4,4,5,5,5,4,4,4,4,3,4,4,2,2,3,3,4,4,4,3,2,4,4,2,2,3,4,3,2,4,5,3,1,1,1,2,4,1,4,3,3,3,3,4,2,4,4,4,2,2,2,3,3,3,2,5,3,3,3,3,3,3,5,5,5,5,4,5,3.167,4,4,3,4.333,3.833,3.667,2.125,2.5,3.167,2.75,2.667,5,3.75,3.25,173
205,"Woman","Assistant Professor","STEM (science, technology, engineering, mathematics)","In the last year","6-10 years",NA,3,2,3,3,4,2,4,2,4,4,2,2,4,2,2,2,4,4,4,5,5,5,2,4,2,2,2,3,2,2,2,5,3,3,5,5,3,4,4,4,2,4,3,4,2,4,4,4,2,3,2,3,4,4,4,4,4,4,4,3,3,3,2,1,1,5,2,6,6,2,2,1,1,1,3,2,2,2.75,2,3.833,4,3,1,2.333,4.5,3.333,3.125,2.167,3.833,2.5,4.167,2,2.25,3.25,174
206,"Woman","Associate Professor","Non-STEM","This year","More than 10 years",NA,3,3,4,3,2,2,4,3,3,2,4,4,4,4,5,4,2,3,4,3,3,4,5,4,4,5,2,3,3,3,3,4,4,4,2,2,1,3,3,3,4,3,3,3,1,1,2,3,1,2,2,4,3,3,4,4,4,4,4,3,3,3,5,3,3,5,4,6,5,4,3,5,5,6,5,5,5,3.25,5,3.667,4,3.333,5,4.167,3.167,2.667,1.875,3.333,4.5,4.5,2.333,5.5,2.75,3.75,175
207,"Woman","Post Doc","STEM (science, technology, engineering, mathematics)","In the last year","6-10 years",NA,3,3,2,3,3,2,4,2,5,4,4,4,4,4,2,5,3,4,3,2,3,2,2,2,2,4,2,2,3,3,3,3,3,2,5,5,3,4,5,3,4,5,4,2,2,2,1,4,1,1,2,4,4,4,5,4,5,4,4,2,2,3,2,2,2,5,2,5,3,3,3,3,3,6,7,5,5,2.75,5,4.333,4,4.333,3,3.833,2.833,3.333,1.875,2.167,3.5,2.5,4.167,6.5,2.5,2.75,176
208,"Non-binary / third gender","Assistant Professor","STEM (science, technology, engineering, mathematics)","This year","More than 10 years",NA,4,4,2,4,4,4,5,4,5,4,5,5,4,4,3,4,4,4,4,4,4,4,4,4,2,4,4,4,4,4,4,5,4,4,4,3,3,3,3,2,2,3,2,1,1,2,1,4,1,2,1,4,3,2,4,3,4,3,3,2,2,2,2,2,2,6,6,6,6,6,2,6,6,6,6,5,5,3.5,5,3.333,3,2.333,6,4.167,4,4.333,1.625,2,5.333,3.5,3,6,4,4.25,177
209,"Woman","Assistant Professor","STEM (science, technology, engineering, mathematics)","This year","6-10 years",NA,3,2,2,2,1,3,4,2,2,2,3,3,3,4,3,3,4,4,5,5,5,4,4,3,4,4,3,3,3,3,2,3,3,3,5,4,2,4,4,1,5,5,5,2,2,2,3,5,2,3,3,5,4,3,4,3,4,4,4,2,5,4,4,2,2,7,7,7,7,6,4,5,5,4,4,4,4,2.25,4,3.833,4,5,5,3.167,4.5,2.333,2.75,3.167,6.333,3.75,3.333,4,3,2.75,178
210,"Woman","PhD student","STEM (science, technology, engineering, mathematics)","This year","1-5 years","More than 4 articles",3,2,2,3,2,2,2,2,2,2,2,4,4,4,3,5,3,3,5,5,3,4,5,4,2,5,3,3,3,3,3,3,3,2,4,4,3,3,3,3,4,4,4,1,1,1,1,1,1,1,1,4,4,4,4,4,4,4,4,4,4,4,3,5,4,4,4,4,4,4,4,1,1,4,4,4,4,2.5,4,4,4,4,1,3.667,3.833,2,1,4,4,4,3.333,4,3,2.75,179
211,"Man","Assistant Professor","STEM (science, technology, engineering, mathematics)","This year","More than 10 years",NA,3,3,2,2,2,1,3,2,4,5,5,5,5,5,3,4,3,4,4,5,4,4,5,4,2,2,2,2,4,3,3,3,2,2,4,4,4,3,4,4,3,4,4,1,1,1,1,1,1,1,1,4,4,3,4,2,5,3,3,5,2,5,5,3,3,5,2,5,2,3,2,1,2,2,2,3,3,2.5,3,3.667,3,3.667,1.5,4.5,4,2.833,1,3.833,3.167,3.25,3.833,2,2.75,2.5,180
212,"Man","Full Professor","STEM (science, technology, engineering, mathematics)","This year","More than 10 years",NA,4,3,2,3,1,5,5,3,2,2,4,4,5,5,5,5,5,5,5,2,2,5,5,5,5,5,5,5,5,5,5,5,5,1,3,3,1,5,5,4,5,5,5,1,1,1,1,2,1,1,1,5,5,5,5,5,5,4,5,7,2,7,7,7,7,7,7,7,7,7,7,7,7,2,2,6,6,3,6,5,4.5,5,7,4.667,4,3,1.125,6.167,7,5,3.5,2,5,4,181
213,"Woman","Full Professor","Non-STEM","This year","More than 10 years",NA,2,1,2,3,4,5,4,1,2,2,3,4,4,3,2,4,5,4,5,5,5,4,5,5,1,5,2,2,2,2,4,1,3,3,5,4,4,3,3,1,4,5,5,1,1,1,4,2,1,1,2,5,4,3,5,5,5,4,4,2,1,2,2,1,1,7,5,6,6,6,3,6,6,5,6,3,3,2,3,4.5,4,4.667,6,3.333,4.667,3,1.625,1.5,5.5,4,3.333,5.5,2,2.75,182
214,"Woman","Full Professor","STEM (science, technology, engineering, mathematics)","This year","More than 10 years",NA,3,1,3,3,4,5,4,2,2,5,4,4,4,5,4,5,4,4,4,5,4,4,5,5,5,5,4,4,4,3,4,4,3,3,3,2,2,3,4,3,5,5,5,1,1,1,1,4,1,1,1,5,5,3,4,5,5,4,4,2,2,2,2,1,1,5,3,5,5,5,1,7,7,6,6,3,3,2.5,3,4.5,4,5,7,4.333,4.167,3.667,1.375,1.667,4,5,2.833,6,3.75,3.5,183
215,"Man","Full Professor","Non-STEM","This year","More than 10 years",NA,3,3,2,4,2,2,4,3,2,2,5,4,4,2,2,1,4,4,4,5,5,5,5,5,5,5,1,2,1,1,4,4,4,4,4,4,4,4,4,4,5,5,5,4,1,4,3,5,4,4,4,5,5,5,5,5,5,4,4,4,2,4,2,2,2,5,6,6,5,6,2,6,6,6,6,6,6,3,6,5,4,5,6,3,4.5,2.5,3.625,2.667,5,5,4,6,1.25,4,184
216,"Man","Assistant Professor","STEM (science, technology, engineering, mathematics)","This year","More than 10 years",NA,3,3,2,3,4,5,5,3,4,3,3,4,2,4,2,5,4,5,3,4,4,4,4,4,3,4,5,5,5,5,5,4,4,4,4,4,2,4,4,2,5,5,5,2,2,3,4,4,2,2,4,2,4,2,3,3,5,4,4,5,5,6,7,5,5,6,5,7,6,3,4,6,6,4,6,5,3,2.75,4,3.167,4,5,6,3.333,4,4,2.875,5.5,5.167,3.75,3.333,5,5,4.25,185
217,"Man","Assistant Professor","STEM (science, technology, engineering, mathematics)","In the last year","More than 10 years",NA,3,3,2,3,4,4,4,2,3,4,2,4,5,5,4,5,3,4,4,4,2,4,1,1,1,1,4,3,4,4,4,4,3,4,4,4,3,5,5,3,4,5,4,1,1,2,2,3,1,2,3,4,3,3,4,3,4,4,3,3,5,4,5,2,2,6,5,7,6,5,4,5,4,2,4,3,3,2.75,3,3.5,3.5,4.333,4.5,4.167,3.5,3.5,1.875,3.5,5.5,1,4,3,3.75,3.75,186
218,"Woman","Assistant Professor","STEM (science, technology, engineering, mathematics)","This year","More than 10 years",NA,4,4,3,5,5,4,4,4,3,4,4,5,5,5,3,4,3,3,4,4,2,4,2,2,1,2,4,4,4,4,4,4,4,4,4,3,2,3,2,1,3,3,2,2,1,3,2,3,2,2,2,3,3,3,3,2,3,3,4,5,5,6,5,5,5,6,2,6,4,4,4,1,2,3,4,5,5,4,5,2.833,3.5,2.667,1.5,4.333,3.333,4,2.125,5.167,4.333,1.75,2.5,3.5,4,4,187
219,"Man","Full Professor","STEM (science, technology, engineering, mathematics)","This year","More than 10 years",NA,3,2,3,2,2,3,3,1,3,2,3,3,2,3,3,3,4,5,5,5,5,4,3,4,2,3,1,3,2,2,3,4,3,3,3,2,2,4,3,3,3,4,3,5,1,1,2,3,1,1,3,3,3,3,3,4,3,4,4,3,3,5,5,5,5,5,6,6,5,5,4,6,6,6,4,6,6,2.5,6,3.167,4,3.333,6,2.833,4.667,2.333,2.125,4.333,5.167,3,2.833,5,2,3.25,188
220,"Man","Assistant Professor","STEM (science, technology, engineering, mathematics)","This year","More than 10 years",NA,3,2,3,2,2,2,4,2,2,1,2,4,4,3,2,2,4,5,5,4,5,4,5,5,5,5,2,2,2,1,2,2,1,2,4,4,3,3,4,4,4,5,5,1,1,1,2,2,1,1,2,5,5,4,5,5,5,5,5,1,1,2,2,1,1,7,2,7,2,1,2,2,2,6,7,6,6,2.5,6,4.833,5,4.667,2,2.833,4.5,2.167,1.375,1.333,3.5,5,3.667,6.5,1.75,1.75,189
221,"Man","Associate Professor","STEM (science, technology, engineering, mathematics)","In the last 5 years","More than 10 years",NA,4,4,4,4,3,5,5,3,4,4,3,3,4,3,4,4,3,4,5,5,4,3,4,4,2,3,4,4,4,4,4,2,4,4,2,1,1,2,3,2,2,4,3,2,3,1,3,3,2,3,4,2,4,1,3,3,4,3,3,5,4,4,6,4,4,6,5,6,6,6,4,3,3,3,6,4,4,4,4,2.833,3,3,3,3.5,4,4,2.625,4.5,5.5,3.25,1.833,4.5,4,3.5,190
222,"Woman","Full Professor","STEM (science, technology, engineering, mathematics)","This year","More than 10 years",NA,2,2,1,2,1,2,1,1,1,2,3,3,3,2,2,3,4,5,5,5,5,5,5,5,5,5,1,1,1,1,3,2,2,2,5,5,3,4,5,3,3,5,3,1,1,2,1,2,2,1,1,5,4,4,4,5,5,4,4,2,2,4,2,2,2,3,4,7,4,5,1,6,6,3,6,6,6,1.75,6,4.5,4,3.667,6,2.667,4.833,1.333,1.375,2.333,4,5,4.167,4.5,1,2.25,191
223,"Man","PhD student","STEM (science, technology, engineering, mathematics)","In the last year","1-5 years","3-4 articles",4,3,2,4,5,4,4,3,3,4,3,4,4,4,2,4,4,5,4,5,3,4,3,3,1,3,2,4,3,3,3,2,4,3,4,4,4,4,4,4,4,4,4,1,1,1,1,2,1,1,2,4,3,3,4,2,3,3,3,4,4,4,4,4,3,5,3,6,5,5,4,6,6,6,7,5,5,3.25,5,3.167,3,4,6,3.5,4.167,3.833,1.25,3.833,4.667,2.5,4,6.5,3,3,192
224,"Woman","Assistant Professor","STEM (science, technology, engineering, mathematics)","This year","More than 10 years",NA,3,3,3,3,2,4,5,4,3,3,3,4,4,4,2,3,3,4,4,3,4,5,4,4,4,4,2,4,3,3,4,4,3,3,4,4,3,4,4,4,5,5,5,5,1,1,1,2,1,2,1,4,4,3,4,5,5,5,5,2,2,2,2,2,2,6,3,6,6,2,2,5,5,6,6,7,7,3,7,4.167,5,5,5,3.333,3.833,3.5,1.75,2,4.167,4,3.833,6,3,3.5,193
225,"Man","This does not apply to me","STEM (science, technology, engineering, mathematics)","This year","6-10 years",NA,3,3,2,3,4,4,2,2,2,2,4,4,4,4,2,4,4,4,5,4,2,4,4,4,2,4,2,2,1,1,3,2,3,2,4,4,3,2,3,3,4,4,4,2,2,2,1,4,2,3,4,3,3,3,3,4,4,3,3,2,2,2,3,2,2,5,2,5,3,2,2,6,6,4,6,4,4,2.75,4,3.333,3,4,6,3.667,3.833,2.667,2.5,2.167,3.167,3.5,3.167,5,1.5,2.5,194
226,"Man","Post Doc","Non-STEM","In the last year","More than 10 years",NA,2,1,2,2,2,4,4,2,2,3,3,5,4,3,3,4,4,4,4,4,4,4,5,5,5,5,3,4,4,3,3,4,3,3,4,5,3,4,4,3,5,5,5,2,1,2,2,4,1,2,2,4,4,3,5,3,5,5,4,3,2,3,3,2,2,6,3,6,5,3,2,6,6,4,6,6,5,1.75,5.5,4,4.5,5,6,3.667,4,2.833,2,2.5,4.167,5,3.833,5,3.5,3.25,195
228,"Woman","This does not apply to me","Non-STEM","In the last year","More than 10 years",NA,4,3,3,3,3,4,5,3,3,4,3,3,2,3,3,4,4,4,5,4,5,4,3,2,4,2,5,4,2,2,3,4,3,3,4,3,2,3,2,2,2,4,4,1,1,1,1,2,1,1,1,4,3,2,3,3,4,4,5,2,2,2,4,2,2,2,4,5,2,4,4,2,3,4,3,6,5,3.25,5.5,3.167,4.5,3.333,2.5,3,4.333,3.667,1.125,2.333,3.5,2.75,2.667,3.5,3.25,3.25,196
229,"Woman","Associate Professor","STEM (science, technology, engineering, mathematics)","In the last year","More than 10 years",NA,3,3,3,2,4,4,5,1,5,4,2,4,4,4,4,5,5,4,4,4,4,5,5,5,5,5,4,4,2,3,4,4,4,4,3,4,3,3,3,2,5,5,5,1,1,1,3,4,2,2,2,4,4,2,4,4,4,4,4,3,5,4,4,4,4,5,6,6,6,4,5,3,3,3,3,5,6,2.75,5.5,3.667,4,5,3,3.833,4.333,3.833,2,4,5.333,5,3,3,3.25,4,197
230,"Woman","Assistant Professor","STEM (science, technology, engineering, mathematics)","This year","More than 10 years",NA,2,3,3,4,2,5,5,2,3,2,2,3,3,2,5,1,5,5,4,5,5,5,5,5,5,1,2,2,3,2,3,3,3,3,5,5,4,5,5,3,4,5,3,1,1,1,2,4,2,3,1,5,5,2,3,4,5,3,2,2,2,1,2,1,1,7,6,7,7,7,4,5,5,5,5,2,2,3,2,4,2.5,4,5,2.667,4.833,3.167,1.875,1.5,6.333,4,4.5,5,2.25,3,198
231,"Woman","PhD student","STEM (science, technology, engineering, mathematics)","In the last year","1-5 years","I don't know/ This does not apply to me/ 0 articles",4,3,4,3,4,3,4,3,2,4,4,4,5,5,5,5,2,3,4,3,4,4,3,3,1,3,2,2,3,3,3,3,2,3,3,3,3,3,3,3,4,4,3,4,2,1,1,2,1,2,1,3,3,2,3,4,4,5,5,6,7,7,7,5,5,5,5,5,6,5,3,2,2,1,1,6,6,3.5,6,3.167,5,3.667,2,4.667,3.333,3.333,1.75,6.167,4.833,2.5,3,1,2.5,2.75,199
232,"Woman","Assistant Professor","STEM (science, technology, engineering, mathematics)","In the last year","6-10 years",NA,3,3,2,3,2,2,4,2,2,2,2,5,4,4,4,4,4,4,5,4,4,3,4,4,4,4,2,2,2,2,3,4,4,3,4,5,4,4,4,3,5,5,5,1,1,2,1,2,1,2,1,5,5,5,5,5,5,4,4,2,2,4,3,2,2,5,3,6,6,6,3,3,3,2,5,3,3,2.75,3,5,4,5,3,3.833,4,2.333,1.375,2.5,4.833,4,4,3.5,2,3.5,200
233,"Man","Post Doc","STEM (science, technology, engineering, mathematics)","This year","More than 10 years",NA,3,3,2,3,4,4,2,2,2,4,2,4,2,2,4,2,2,2,4,4,4,2,4,2,2,2,5,5,4,4,4,4,3,4,3,3,3,3,3,3,3,4,4,2,4,4,4,4,2,4,2,4,4,3,3,3,3,4,3,5,2,5,3,3,3,5,5,5,5,5,5,1,2,5,5,6,6,2.75,6,3.333,3.5,3.667,1.5,2.667,3,3,3.25,3.5,5,2.5,3,5,4.5,3.75,201
234,"Woman","Associate Professor","STEM (science, technology, engineering, mathematics)","In the last year","More than 10 years",NA,4,4,2,2,3,2,2,2,2,4,4,4,4,3,3,4,2,3,4,4,4,4,5,5,5,5,3,3,3,3,3,3,4,4,4,3,2,3,4,2,4,4,3,1,1,1,2,3,1,1,1,4,4,3,4,2,3,3,2,4,3,3,5,3,3,4,6,6,5,5,4,6,6,2,6,5,3,3,4,3.333,2.5,3.667,6,3.667,3.5,2.5,1.375,3.5,5,5,3,4,3,3.5,202
235,"Man","Full Professor","STEM (science, technology, engineering, mathematics)","This year","More than 10 years",NA,4,3,3,4,2,3,5,4,4,2,3,3,3,5,4,5,4,4,5,5,3,4,5,5,5,5,5,5,4,5,5,5,5,5,3,2,2,3,2,4,5,5,5,1,1,1,3,4,1,3,3,5,5,4,4,3,4,3,4,3,5,6,3,5,5,6,5,6,2,5,4,6,6,3,4,3,3,3.5,3,4.167,3.5,5,6,3.833,4.167,3.333,2.125,4.5,4.667,5,2.667,3.5,4.75,5,203
236,"Woman","PhD student","Non-STEM","This year","1-5 years","1-2 articles",4,3,2,3,5,5,5,4,2,5,3,3,2,5,4,5,4,4,4,3,2,3,3,3,3,3,5,5,5,5,3,3,3,5,3,4,2,3,3,3,4,4,4,1,1,1,1,2,1,2,1,3,3,2,3,3,4,3,3,4,3,5,3,4,4,7,4,6,4,4,5,1,1,1,1,5,4,3,4.5,3,3,4,1,3.667,3.333,4.333,1.25,3.833,5,3,3,1,5,3.5,204
237,"Woman","Assistant Professor","Non-STEM","This year","More than 10 years",NA,4,3,3,3,3,4,5,3,4,4,2,2,3,4,3,4,3,5,4,4,3,4,2,1,1,2,2,2,2,2,4,4,4,4,4,4,4,4,4,4,5,4,4,5,2,4,4,5,1,2,2,2,3,3,4,3,3,5,5,5,5,6,7,4,4,7,3,7,6,5,3,4,4,1,5,3,3,3.25,3,3,5,4.333,4,3,3.833,3.833,3.125,5.167,5.167,1.5,4,3,2,4,205
239,"Man","Assistant Professor","Non-STEM","In the last year","More than 10 years",NA,2,3,2,3,4,4,4,3,4,4,4,4,4,4,4,4,3,3,4,3,4,4,4,4,4,4,3,3,3,3,3,3,3,2,3,3,3,3,3,3,4,4,4,2,2,2,2,3,2,2,2,4,4,3,4,4,4,4,3,2,2,3,2,2,2,4,6,2,6,2,2,2,2,2,2,4,4,2.5,4,3.833,3.5,4,2,4,3.5,3.833,2.125,2.167,3.667,4,3,2,3,2.75,206
240,"Man","Full Professor","Non-STEM","This year","More than 10 years",NA,2,1,2,1,1,1,4,1,2,2,4,3,2,2,2,1,5,5,5,5,5,5,5,5,5,5,3,2,4,4,4,3,4,4,5,5,5,4,4,3,1,5,5,5,1,1,2,5,1,1,1,5,5,5,5,5,5,5,5,2,1,1,2,1,1,2,3,6,3,7,2,7,7,5,5,5,5,1.5,5,5,5,3.667,7,2.333,5,1.833,2.125,1.333,3.833,5,4.333,5,3.25,3.75,207
241,"Man","Post Doc","STEM (science, technology, engineering, mathematics)","This year","1-5 years",NA,3,3,3,3,4,5,5,4,4,4,4,5,5,5,2,5,5,5,2,2,3,4,5,5,5,5,4,4,4,4,5,5,4,4,5,5,4,5,5,5,5,5,5,1,1,2,1,5,1,3,2,4,4,5,5,4,5,4,4,2,3,3,3,1,1,6,4,7,5,2,1,6,6,2,3,4,5,3,4.5,4.5,4,5,6,4.333,3.5,4.333,2,2.167,4.167,5,4.833,2.5,4,4.5,208
243,"Man","Full Professor","STEM (science, technology, engineering, mathematics)","This year","More than 10 years",NA,3,3,2,4,1,4,4,3,2,4,4,5,5,4,4,3,3,4,5,5,2,2,5,5,5,5,2,4,3,2,4,3,4,3,4,5,2,2,2,2,5,5,5,2,1,3,5,4,2,4,4,5,5,3,4,3,5,4,4,6,6,6,6,4,4,6,6,7,6,6,3,6,6,2,2,6,6,3,6,4.167,4,5,6,4.167,3.5,3,3.125,5.333,5.667,5,2.833,2,2.75,3.5,209
244,"Woman","PhD student","Non-STEM","This year","6-10 years","3-4 articles",3,2,2,2,1,4,4,2,3,3,1,5,5,2,4,4,4,4,4,4,4,4,5,5,2,5,2,2,4,2,4,3,4,4,3,3,1,4,5,4,5,5,5,1,1,1,1,1,1,2,1,4,2,3,3,4,5,2,2,6,5,6,7,3,5,2,6,6,7,5,2,5,5,4,6,2,2,2.25,2,3.5,2,5,5,3.5,4,2.833,1.125,5.333,4.667,4.25,3.333,5,2.5,3.75,210
245,"Man","Associate Professor","STEM (science, technology, engineering, mathematics)","This year","More than 10 years",NA,3,4,3,4,3,4,5,3,5,3,4,4,5,5,4,5,4,3,3,4,4,3,4,3,2,4,4,4,4,4,4,4,4,4,2,2,3,3,3,2,2,3,3,3,4,3,3,3,2,3,2,2,3,3,4,3,4,3,2,5,6,5,5,3,3,4,5,5,4,5,2,6,6,3,4,3,3,3.5,3,3.167,2.5,2.667,6,4.5,3.5,3.833,2.875,4.5,4.167,3.25,2.5,3.5,4,4,211
246,"Man","Full Professor","STEM (science, technology, engineering, mathematics)","In the last year","More than 10 years",NA,3,2,3,2,4,4,3,3,2,4,4,4,2,2,4,3,4,3,2,4,4,3,5,5,4,4,4,2,3,4,3,3,4,3,3,2,3,3,3,3,3,4,3,2,2,2,2,3,1,1,1,4,2,2,2,3,3,3,3,3,4,3,5,5,4,4,3,4,3,2,3,5,5,2,2,3,2,2.5,2.5,2.667,3,3.333,5,3.167,3.333,3.333,1.75,4,3.167,4.5,2.833,2,3.25,3.25,212
247,"Man","Assistant Professor","STEM (science, technology, engineering, mathematics)","This year","More than 10 years",NA,4,4,2,4,2,1,2,2,2,4,5,3,3,4,4,3,5,4,5,5,4,5,5,4,3,4,1,2,2,2,3,3,4,4,4,4,4,5,5,5,4,4,4,1,1,2,2,4,2,2,1,4,4,4,4,4,4,4,4,2,3,2,2,2,1,5,3,4,3,5,2,5,5,1,4,2,1,3.5,1.5,4,4,4,5,3.667,4.667,2.167,1.875,2,3.667,4,4.5,2.5,1.75,3.5,213
248,"Woman","PhD student","Non-STEM","This year","1-5 years","1-2 articles",3,3,2,3,4,4,5,5,4,4,1,4,5,5,3,4,5,5,4,4,2,4,3,3,2,3,2,3,2,3,3,3,3,2,5,5,4,5,5,2,5,5,5,1,1,1,1,2,1,1,1,3,2,3,4,4,4,3,4,3,3,5,5,5,3,6,6,4,5,6,5,3,3,2,7,5,4,2.75,4.5,3.333,3.5,5,3,3.667,4,4.333,1.125,4,5.333,2.75,4.333,4.5,2.5,2.75,214
249,"Woman","Post Doc","Non-STEM","This year","6-10 years",NA,3,4,3,3,2,5,5,1,4,5,1,5,5,5,4,5,3,4,5,4,4,4,4,4,3,4,5,5,5,5,5,2,4,5,5,5,3,4,5,4,5,5,5,1,1,1,2,4,2,2,2,3,3,3,4,3,4,3,3,1,2,1,2,1,1,2,2,7,2,1,1,6,6,5,7,4,3,3.25,3.5,3.333,3,5,6,4.167,4,3.667,1.875,1.333,2.5,3.75,4.333,6,5,4,215
250,"Man","Post Doc","Non-STEM","This year","6-10 years",NA,4,3,2,2,5,4,4,4,3,4,4,4,4,4,2,4,3,4,3,2,2,2,2,2,1,2,3,4,3,4,3,3,4,3,5,5,4,4,4,4,4,4,4,1,1,2,2,2,1,2,2,4,4,4,3,4,4,3,4,4,3,6,4,4,5,5,3,5,3,3,5,6,6,6,6,4,3,2.75,3.5,3.833,3.5,4,6,3.667,2.667,4,1.625,4.333,4,1.75,4.333,6,3.5,3.25,216
251,"Woman","PhD student","Non-STEM","In the last year","1-5 years","3-4 articles",2,2,2,2,1,2,2,1,1,1,2,2,3,4,2,4,4,5,5,5,5,5,2,2,2,2,2,2,2,2,3,2,2,2,5,5,3,5,5,2,4,5,4,1,1,1,1,4,1,1,2,5,4,4,5,4,4,3,3,1,1,1,1,1,1,2,2,2,2,2,1,5,5,6,6,4,3,2,3.5,4.333,3,4.333,5,2.833,4.833,1.333,1.5,1,1.833,2,4.167,6,2,2.25,217
252,"Man","Associate Professor","Non-STEM","This year","More than 10 years",NA,3,2,1,3,2,4,5,4,3,4,3,4,5,4,2,4,3,5,5,4,4,4,5,5,4,5,4,4,4,4,3,3,3,4,2,4,2,5,3,3,4,5,3,1,1,2,2,3,2,2,3,5,3,3,4,3,4,4,4,4,4,3,5,4,4,5,6,4,6,5,1,6,6,3,5,3,2,2.25,2.5,3.667,4,4,6,3.667,4.167,3.667,2,4,4.5,4.75,3.167,4,4,3.25,218
253,"Woman","Associate Professor","Non-STEM","This year","More than 10 years",NA,3,2,2,2,1,3,3,2,2,2,3,3,4,3,3,3,4,5,5,5,4,4,5,5,3,4,3,3,2,2,3,4,2,3,1,2,1,4,5,3,4,4,4,1,1,2,2,2,1,2,2,4,4,4,4,4,4,4,4,6,5,5,5,4,3,3,4,5,4,4,2,2,3,2,4,6,5,2.25,5.5,4,4,4,2.5,3.167,4.5,2.167,1.625,4.667,3.667,4.25,2.667,3,2.5,3,219
254,"Woman","This does not apply to me","Non-STEM","In the last year","1-5 years",NA,3,2,3,2,3,5,4,3,4,5,4,4,5,4,2,4,2,2,4,4,4,2,5,5,2,4,4,5,4,5,2,4,3,3,3,2,2,3,3,3,4,4,4,5,4,3,4,5,4,5,4,3,3,3,4,4,4,3,3,2,4,5,2,2,2,3,3,6,2,5,1,5,5,1,2,2,6,2.5,4,3.5,3,4,5,3.833,3,4,4.25,2.833,3.333,4,2.667,1.5,4.5,3,220
255,"Prefer not to say","Assistant Professor","STEM (science, technology, engineering, mathematics)","This year","6-10 years",NA,2,1,1,2,1,1,1,1,3,5,1,4,1,1,2,5,5,5,5,5,5,5,5,5,5,5,2,2,2,2,4,3,3,2,5,5,2,3,5,2,5,5,5,1,1,5,5,5,1,1,5,5,5,4,5,5,5,4,4,3,2,2,4,1,1,1,4,6,5,4,1,6,6,6,6,5,5,1.5,5,4.833,4,5,6,2.333,5,2,3,2.167,3.5,5,3.667,6,2,3,221
256,"Man","Associate Professor","Non-STEM","This year","More than 10 years",NA,2,2,1,3,1,1,4,1,2,2,2,5,5,3,3,3,4,3,5,4,5,4,4,4,2,4,1,2,2,2,4,4,4,3,5,5,4,4,5,4,5,5,5,2,1,2,2,3,1,2,2,5,4,4,4,4,4,4,4,2,2,4,5,2,2,5,5,6,6,5,3,5,5,4,5,5,5,2,5,4.167,4,5,5,3.5,4.167,1.833,1.875,2.833,5,3.5,4.5,4.5,1.75,3.75,222
257,"Woman","Full Professor","Non-STEM","In the last year","More than 10 years",NA,3,3,2,4,3,4,3,3,2,2,5,5,4,5,1,4,4,4,2,4,4,3,5,5,1,1,2,3,2,2,4,3,3,3,3,1,1,4,4,4,4,4,3,4,2,2,3,5,1,2,1,3,3,4,5,4,3,3,3,3,2,3,3,3,3,4,3,4,4,2,3,5,5,2,2,2,2,3,2,3.667,3,3.667,5,4,3.5,2.833,2.5,2.833,3.333,3,2.833,2,2.25,3.25,223
258,"Man","Full Professor","STEM (science, technology, engineering, mathematics)","This year","More than 10 years",NA,3,2,2,2,2,5,4,2,2,4,4,4,4,3,3,4,4,4,5,5,4,4,5,5,4,5,4,4,4,4,4,4,4,4,4,5,3,4,5,3,4,4,4,1,1,2,4,3,2,2,1,5,4,4,3,3,3,4,5,2,2,2,2,2,2,5,4,7,5,4,3,6,6,3,5,6,6,2.25,6,3.667,4.5,4,6,3.667,4.333,3.167,2,2,4.667,4.75,4,4,4,4,224
259,"Man","Full Professor","STEM (science, technology, engineering, mathematics)","This year","More than 10 years",NA,4,2,2,3,4,2,5,2,3,4,4,4,4,4,4,4,3,4,5,3,4,4,5,5,5,5,4,4,4,4,4,4,4,4,4,3,2,3,3,2,3,4,3,1,1,1,2,2,1,1,1,5,5,5,5,4,5,4,4,2,3,4,3,3,3,6,5,6,5,5,6,6,6,3,3,3,3,2.75,3,4.833,4,3.333,6,4,3.833,3.333,1.25,3,5.5,5,2.833,3,4,4,225
260,"Man","Assistant Professor","Non-STEM","This year","1-5 years",NA,3,1,1,2,2,4,4,2,2,4,3,4,4,4,1,4,5,5,5,5,5,4,5,4,2,5,2,3,3,3,4,2,2,2,5,5,3,5,5,3,4,5,4,1,1,2,2,4,1,1,2,5,5,3,4,3,5,5,4,2,2,2,2,1,1,2,5,5,5,4,1,6,6,4,7,3,3,1.75,3,4.167,4.5,4.333,6,3.333,4.833,3,1.75,1.667,3.667,4,4.333,5.5,2.75,2.5,226
261,"Woman","Associate Professor","Non-STEM","This year","6-10 years",NA,3,2,1,2,3,4,4,3,4,3,4,5,5,4,3,4,4,4,4,2,3,4,5,4,3,3,1,5,5,5,4,4,5,4,4,3,3,3,4,3,4,5,4,4,1,3,4,4,1,1,1,4,4,3,3,3,4,5,5,3,4,6,4,1,1,6,6,6,7,7,1,5,5,3,2,6,7,2,6.5,3.5,5,4.333,5,4.167,3.5,3.5,2.375,3.167,5.5,3.75,3.333,2.5,4,4.25,227
262,"Woman","Full Professor","STEM (science, technology, engineering, mathematics)","This year","More than 10 years",NA,3,2,2,1,1,5,5,1,3,1,2,3,2,3,2,3,4,5,3,3,5,5,5,2,3,5,4,4,3,3,4,4,4,4,5,5,3,4,4,2,5,5,5,5,1,3,3,4,1,1,2,5,4,3,4,2,4,5,5,2,1,1,1,1,1,6,6,6,7,7,2,7,7,4,6,7,7,2,7,3.667,5,5,7,2.5,4.167,2.667,2.5,1.167,5.667,3.75,3.833,5,3.5,4,228
263,"Woman","Assistant Professor","STEM (science, technology, engineering, mathematics)","This year","More than 10 years",NA,2,2,2,2,3,1,1,1,2,1,1,2,2,4,2,4,5,5,5,5,5,3,5,5,1,5,1,1,1,1,2,3,3,2,5,5,5,5,5,5,5,5,5,1,1,1,1,2,2,1,1,5,5,5,5,5,5,5,5,1,1,1,1,1,1,2,2,5,1,1,1,7,7,7,7,7,7,2,7,5,5,5,7,2.5,4.667,1.5,1.25,1,2,4,5,7,1,2.5,229
264,"Woman","Full Professor","Non-STEM","In the last year","More than 10 years",NA,3,2,3,2,4,5,5,4,3,4,2,3,5,5,2,5,5,5,4,2,3,3,5,1,5,5,4,4,3,3,4,4,3,4,3,3,3,4,4,4,4,4,4,4,1,1,3,3,1,1,1,3,4,3,3,3,4,4,4,3,2,2,2,2,2,5,6,6,3,6,2,6,6,3,3,3,2,2.5,2.5,3.333,4,4,6,3.667,3.667,4.167,1.875,2.167,4.667,4,3.5,3,3.5,3.75,230
265,"Woman","Associate Professor","STEM (science, technology, engineering, mathematics)","This year","More than 10 years",NA,4,3,2,2,3,4,4,3,2,4,5,5,5,5,3,5,5,5,5,4,4,4,5,5,5,5,5,5,4,5,4,5,4,4,3,3,2,4,3,1,4,5,4,4,2,2,3,1,1,2,1,5,4,2,4,3,3,4,3,2,2,3,5,2,1,5,4,7,5,2,3,6,6,5,5,6,6,2.75,6,3.5,3.5,4.333,6,4.667,4.5,3.333,2,2.5,4.333,5,2.667,5,4.75,4.25,231
266,"Woman","Associate Professor","STEM (science, technology, engineering, mathematics)","This year","More than 10 years",NA,3,2,2,3,4,5,4,2,2,4,4,5,4,5,4,5,4,5,5,4,4,4,5,5,5,5,2,4,2,2,4,3,4,4,5,5,4,5,5,4,5,5,5,1,1,1,2,4,1,1,1,4,4,3,4,3,4,4,4,1,2,2,2,1,1,5,5,6,5,4,3,6,6,6,6,6,6,2.5,6,3.667,4,5,6,4.5,4.333,3.5,1.5,1.5,4.667,5,4.667,6,2.5,3.75,232
267,"Woman","Assistant Professor","Non-STEM","This year","More than 10 years",NA,4,3,2,3,4,5,5,3,5,5,3,4,4,5,2,5,2,3,4,5,3,4,4,4,3,4,4,4,5,4,4,3,3,4,3,4,2,4,3,3,4,5,5,4,2,3,3,5,2,1,3,5,3,3,3,4,5,4,4,3,4,3,3,2,3,5,6,4,5,2,2,5,4,2,2,2,6,3,4,3.833,4,4.667,4.5,3.833,3.5,4.5,2.875,3,4,3.75,3.167,2,4.25,3.5,233
268,"Man","Post Doc","Non-STEM","This year","1-5 years",NA,3,3,2,4,4,2,2,2,2,4,2,4,4,4,4,4,4,4,4,4,4,4,2,2,2,3,2,2,2,2,3,4,3,2,5,5,4,3,4,2,4,3,4,1,1,1,1,1,1,1,2,4,4,3,4,4,3,3,3,3,5,5,4,2,2,2,6,5,6,6,2,2,2,3,5,5,3,3,4,3.667,3,3.667,2,3.667,4,2.667,1.125,3.5,4.5,2.25,3.833,4,2,3,234
269,"Woman","Post Doc","STEM (science, technology, engineering, mathematics)","This year","More than 10 years",NA,3,3,3,3,4,4,4,3,3,4,4,4,4,4,3,5,4,3,4,3,2,4,4,4,1,5,3,4,3,3,4,4,4,4,3,3,2,3,3,2,4,4,4,1,1,1,1,1,1,1,1,4,4,3,4,3,4,3,3,5,5,5,4,4,4,5,4,5,4,4,3,3,2,3,3,3,3,3,3,3.667,3,4,2.5,4,3.333,3.667,1,4.5,4.167,3.5,2.667,3,3.25,4,235
