"anonym_id","brt_1","brt_2","brt_3","brt_4","pps_1","pps_2","pps_3","pps_4","pps_5","pps_6","ppa_7","ppa_8","ppa_9","ppa_10","ppa_11","ppa_12","ppr_13","ppr_14","ppr_15","ppr_16","ppr_17","ppr_18","sec_1","sec_2","sec_3","sec_4","wlb_1","wlb_2","wlb_3","wlb_4","wld_1","wld_2","wld_3","wld_4","soc_1","soc_2","soc_3","soc_4","soc_5","soc_6","opp_1","opp_2","opp_3","qrp_1","qrp_2","qrp_3","qrp_4","qrp_5","qrp_6","qrp_7","qrp_8","inf_1","inf_2","inf_3","inf_4","inf_5","inf_6","mng_1","mng_2","rla_1","rla_2","rla_3","rla_4","rla_5","rla_6","rlc_1","rlc_2","rlc_3","rlc_4","rlc_5","rlc_6","pay_1","pay_2","tol_1","tol_2","gnl_1","gnl_2","gender","title","discipline","last_published","academia_length","phd_dissertation"
2,3,2,NA,NA,4,4,5,3,4,5,5,5,5,5,4,4,5,5,4,4,3,3,5,4,2,3,4,4,4,3,4,2,4,2,4,5,5,4,4,3,5,4,5,4,4,1,1,2,NA,NA,NA,3,3,2,3,4,4,5,4,5,5,5,5,4,4,5,6,7,5,5,5,2,3,5,5,5,5,"Woman","PhD student","Non-STEM","In the last 5 years","Less than 1 year","3-4 articles"
8,4,4,NA,NA,1,1,1,1,5,5,1,1,1,1,5,NA,1,1,1,5,5,1,3,3,3,3,1,5,1,2,5,4,3,4,5,5,5,5,5,5,1,1,1,1,1,1,1,1,NA,NA,NA,5,5,5,5,5,5,5,5,1,1,7,1,7,7,7,1,7,1,1,7,1,1,1,1,7,7,"Prefer not to say","PhD student","STEM (science, technology, engineering, mathematics)","This year","1-5 years","3-4 articles"
10,2,1,NA,NA,2,4,3,2,2,4,4,5,4,4,3,4,3,4,2,3,4,4,5,5,5,5,2,4,3,2,2,3,3,3,1,2,1,2,2,3,4,4,4,1,1,1,1,1,NA,NA,NA,4,3,3,4,3,4,4,4,4,4,5,4,6,5,4,3,5,4,4,4,3,2,4,5,7,6,"Man","PhD student","STEM (science, technology, engineering, mathematics)","This year","Less than 1 year","3-4 articles"
11,3,3,NA,NA,3,3,3,3,3,3,3,3,3,3,3,3,3,3,3,3,3,3,3,3,3,3,3,3,3,3,3,3,3,3,3,3,3,3,3,3,3,3,3,1,1,1,1,1,NA,NA,NA,3,3,3,3,3,3,3,3,4,4,4,4,4,4,4,4,4,4,4,4,4,4,4,4,4,4,"Woman","This does not apply to me","Non-STEM","This year","Less than 1 year",NA
12,1,1,NA,NA,1,1,1,1,5,5,1,1,1,1,5,1,1,1,1,5,5,1,5,1,5,5,5,2,5,2,1,2,1,5,1,1,1,1,1,1,1,1,1,4,4,3,4,3,NA,NA,NA,1,1,1,1,1,1,1,1,5,5,4,4,4,4,3,6,4,5,5,2,4,3,3,4,2,4,"Woman","PhD student","STEM (science, technology, engineering, mathematics)","This year","1-5 years","1-2 articles"
13,3,1,NA,NA,3,4,5,4,3,4,2,4,5,5,4,3,5,5,4,4,3,2,4,4,4,5,2,4,4,3,3,4,5,4,5,5,5,5,5,5,5,5,5,1,1,1,1,1,NA,NA,NA,4,5,3,5,3,5,4,4,3,5,5,5,3,2,2,6,5,4,5,4,2,6,2,2,6,5,"Man","PhD student","STEM (science, technology, engineering, mathematics)","This year","1-5 years","3-4 articles"
14,2,2,NA,NA,1,4,2,2,2,5,4,5,5,5,4,5,2,2,3,4,4,2,2,4,2,2,3,3,3,3,3,3,3,3,3,3,3,3,3,3,3,3,3,NA,NA,NA,NA,NA,NA,NA,NA,4,4,4,4,4,4,4,4,2,2,6,2,6,6,6,2,6,2,2,6,6,6,6,6,6,6,"Woman","Post Doc","Non-STEM","This year","6-10 years",NA
15,5,5,NA,NA,5,5,5,5,1,1,5,5,5,5,1,5,5,5,5,1,1,5,1,5,1,1,1,5,1,1,5,5,5,1,5,5,5,5,5,5,1,1,1,1,1,1,1,1,NA,NA,NA,5,5,5,5,5,5,1,1,7,7,1,7,1,1,1,7,1,7,7,1,7,7,1,1,7,7,"Non-binary / third gender","Post Doc","STEM (science, technology, engineering, mathematics)","This year","1-5 years",NA
19,1,1,1,1,2,2,1,1,5,5,1,1,1,1,5,1,1,1,1,5,5,1,5,1,4,4,4,1,4,4,3,2,NA,4,NA,4,NA,1,NA,NA,NA,NA,NA,2,2,2,2,2,NA,NA,4,NA,NA,NA,NA,NA,NA,NA,NA,7,6,2,6,2,3,2,6,2,6,4,5,2,3,3,4,4,5,"Woman","Full Professor","Non-STEM","In the last 5 years","6-10 years",NA
20,5,5,5,5,5,5,5,5,1,5,5,5,5,5,5,5,1,5,5,1,1,1,1,1,1,1,5,5,5,5,5,1,5,1,1,1,1,1,1,1,1,3,1,1,1,1,1,2,1,1,1,1,3,2,1,3,2,1,1,7,7,1,7,7,1,7,7,7,7,7,7,7,7,7,1,1,1,"Non-binary / third gender","Post Doc","STEM (science, technology, engineering, mathematics)","This year","1-5 years",NA
21,3,3,2,2,1,5,5,4,2,5,1,5,4,4,2,4,1,4,5,5,3,4,2,2,1,4,5,5,5,5,5,5,5,4,3,2,2,3,4,1,4,4,4,1,1,1,2,3,1,1,2,4,5,2,4,3,4,3,2,7,2,6,4,2,2,6,7,7,7,7,1,2,2,1,6,2,2,"Man","Assistant Professor","Non-STEM","This year","More than 10 years",NA
22,4,4,2,4,1,1,4,2,4,1,2,4,5,3,2,3,4,4,5,5,3,5,4,4,2,4,3,3,3,2,3,4,3,3,5,5,4,4,4,2,4,5,5,1,1,1,2,1,1,1,1,5,5,3,4,5,5,4,4,2,3,3,2,3,2,6,5,7,6,4,2,2,2,2,6,6,5,"Man","Full Professor","Non-STEM","This year","More than 10 years",NA
24,3,3,3,4,4,4,4,4,4,4,5,5,5,5,4,5,4,4,2,3,3,2,4,3,2,3,5,5,5,5,4,3,3,4,3,3,3,2,2,2,4,4,4,1,1,1,1,1,1,1,1,3,3,2,3,3,3,3,3,2,3,5,3,4,4,6,6,6,6,6,4,5,5,2,3,2,2,"Woman","PhD student","STEM (science, technology, engineering, mathematics)","This year","1-5 years","3-4 articles"
25,3,3,2,2,3,3,5,4,3,3,4,4,4,4,2,3,2,4,5,3,3,3,5,5,3,4,4,4,4,4,4,1,4,4,2,2,2,3,4,3,4,5,5,1,1,1,2,3,1,1,1,4,4,2,3,3,4,5,5,2,3,3,3,3,4,4,5,5,3,4,2,4,4,7,5,5,4,"Woman","Associate Professor","Non-STEM","This year","More than 10 years",NA
26,3,3,2,4,4,5,5,4,4,4,3,4,4,4,3,5,4,4,5,5,4,4,4,4,3,4,4,4,4,4,4,4,4,4,4,4,3,4,4,3,3,4,3,1,1,1,1,2,1,3,3,4,4,3,4,2,3,4,4,2,2,2,3,3,3,4,5,5,3,5,2,2,2,2,4,5,6,"Man","Assistant Professor","Non-STEM","This year","More than 10 years",NA
27,2,2,2,2,1,2,2,2,2,1,3,4,4,4,2,5,5,5,5,5,5,4,5,5,5,5,1,1,1,1,3,4,3,2,5,5,3,4,4,3,5,5,5,1,1,1,1,2,1,1,1,4,3,3,4,3,4,4,3,7,3,6,6,3,2,3,3,5,6,2,1,6,6,6,6,6,6,"Man","Full Professor","Non-STEM","In the last year","More than 10 years",NA
28,2,3,2,3,2,2,4,3,4,2,2,3,3,4,2,4,4,4,4,4,2,4,4,4,2,5,2,1,2,2,4,4,4,4,3,3,2,4,4,3,4,4,4,2,1,1,2,4,1,2,3,4,4,3,3,3,4,3,3,5,4,6,3,5,5,5,5,7,6,5,5,7,6,6,5,5,5,"Man","Full Professor","Non-STEM","This year","More than 10 years",NA
29,3,3,2,4,5,2,4,3,3,1,5,5,5,5,3,5,4,4,4,3,2,3,5,5,3,5,1,1,2,1,3,3,1,2,5,5,2,4,4,1,3,4,3,3,1,3,1,3,1,3,3,4,3,2,3,4,5,4,4,3,2,2,3,1,1,4,3,1,5,4,1,3,5,2,5,5,5,"Woman","Post Doc","Non-STEM","This year","More than 10 years",NA
30,4,3,2,3,2,5,4,4,3,3,4,4,4,5,4,4,4,4,4,4,4,4,5,5,4,4,4,4,3,2,3,3,3,3,2,1,1,3,3,3,3,4,4,1,1,1,2,2,1,1,1,3,4,3,4,4,4,4,4,5,3,5,3,3,3,5,5,5,3,5,4,2,2,2,2,5,5,"Woman","Assistant Professor","Non-STEM","This year","More than 10 years",NA
31,4,1,2,3,2,4,5,1,2,4,4,5,5,5,3,5,4,4,2,2,2,4,4,4,4,4,4,5,5,4,4,5,5,5,4,4,2,3,4,3,5,5,4,2,2,2,1,2,1,1,2,3,3,2,2,3,4,4,4,1,3,2,5,1,1,1,1,3,2,1,1,5,5,5,5,6,6,"Woman","Post Doc","STEM (science, technology, engineering, mathematics)","This year","6-10 years",NA
32,2,2,1,2,2,2,4,2,2,2,2,2,2,2,2,2,4,3,4,4,4,4,4,4,2,3,1,1,1,1,3,2,3,2,4,4,3,4,4,3,5,5,5,1,1,1,1,2,1,1,1,5,5,3,4,4,4,5,4,2,4,3,2,2,2,5,5,7,6,5,6,7,7,2,6,6,4,"Woman","Full Professor","Non-STEM","In the last year","More than 10 years",NA
33,2,3,2,2,2,3,2,2,2,2,4,5,5,5,4,5,3,4,4,4,4,5,1,4,2,2,1,2,1,1,2,3,2,2,4,4,4,5,4,4,4,4,4,2,1,1,2,1,1,1,3,4,4,4,4,5,4,3,2,2,3,2,1,1,1,1,3,2,6,2,1,5,5,5,7,4,4,"Woman","Post Doc","Non-STEM","In the last year","6-10 years",NA
35,4,4,3,4,5,5,5,5,4,5,4,4,4,5,4,4,5,4,5,4,2,3,4,4,1,4,5,5,5,5,5,5,5,5,4,5,3,4,4,3,3,4,4,1,1,2,3,4,1,2,1,4,3,2,3,2,3,4,3,3,4,6,4,4,2,7,6,7,5,7,6,2,2,1,2,3,4,"Woman","Assistant Professor","Non-STEM","In the last year","6-10 years",NA
36,4,3,2,4,5,3,3,4,2,4,4,4,4,4,4,4,4,4,3,3,3,3,1,1,1,1,3,3,3,3,3,3,3,3,5,5,4,3,3,3,4,4,4,1,1,1,1,2,1,1,1,3,1,3,3,3,3,3,3,3,3,3,5,3,3,7,4,6,4,5,4,5,5,4,5,4,4,"Woman","PhD student","Non-STEM","This year","1-5 years","3-4 articles"
37,4,2,3,3,2,3,2,2,2,4,3,3,5,4,5,5,5,5,5,4,3,4,2,2,1,2,2,4,3,2,4,3,3,3,5,5,3,5,5,3,4,4,4,1,1,2,1,2,1,1,2,3,4,4,4,4,4,4,4,5,6,5,3,4,4,2,2,2,2,2,2,3,3,3,6,5,5,"Woman","PhD student","Non-STEM","This year","1-5 years","1-2 articles"
38,4,5,4,4,4,4,4,5,2,1,4,4,4,2,4,2,3,4,3,3,2,4,2,4,3,2,1,5,1,2,4,4,4,1,2,2,2,3,4,4,3,3,3,3,3,4,5,4,3,3,3,4,4,4,4,4,4,3,4,3,3,6,3,5,7,7,1,6,1,2,7,6,6,4,5,4,3,"Man","PhD student","Non-STEM","In the last 5 years","1-5 years","3-4 articles"
39,5,5,5,5,4,2,4,5,3,2,2,5,5,5,1,5,4,4,1,2,3,2,4,3,2,4,2,3,2,2,4,4,4,4,1,1,1,2,2,1,2,1,2,1,1,2,1,1,1,1,1,1,1,2,2,1,1,1,1,3,7,5,6,6,6,6,4,2,6,2,6,4,4,3,1,1,1,"Woman","This does not apply to me","STEM (science, technology, engineering, mathematics)","In the last 5 years","Less than 1 year",NA
40,4,4,2,3,4,4,5,4,2,4,4,4,4,5,4,4,2,3,4,3,4,4,5,5,5,5,4,4,3,4,3,4,3,4,3,1,1,1,3,2,2,4,2,1,1,1,2,1,1,1,1,4,4,3,3,4,4,4,4,5,3,3,4,4,5,5,5,5,5,4,6,2,2,3,3,6,6,"Woman","Full Professor","STEM (science, technology, engineering, mathematics)","This year","More than 10 years",NA
41,3,4,3,4,4,4,5,4,3,3,3,4,4,5,3,4,3,4,4,3,3,3,2,2,2,2,3,5,4,4,5,4,4,3,3,3,3,4,4,3,5,4,4,2,1,1,2,3,2,2,1,4,4,3,4,3,5,3,3,7,6,7,7,6,6,6,7,6,7,3,2,5,6,2,3,3,3,"Man","Post Doc","Non-STEM","In the last year","More than 10 years",NA
42,1,1,1,1,1,2,1,1,1,1,1,4,4,1,5,2,5,5,5,5,5,4,5,5,5,5,1,1,1,1,2,2,2,2,5,5,4,5,5,5,4,4,4,1,1,1,1,2,1,1,1,5,5,5,5,5,5,4,3,2,2,2,1,1,1,1,2,4,3,2,1,1,1,3,7,3,3,"Man","Full Professor","STEM (science, technology, engineering, mathematics)","This year","More than 10 years",NA
43,3,1,1,3,2,3,2,1,2,2,3,3,3,4,2,4,4,4,4,4,4,4,3,1,2,4,1,1,1,1,3,2,2,2,4,3,3,3,4,2,4,4,4,1,1,2,2,2,2,2,3,4,4,4,4,4,4,4,4,5,5,3,5,3,4,5,5,3,3,5,1,6,6,6,6,5,5,"Woman","PhD student","Non-STEM","This year","1-5 years","3-4 articles"
44,3,2,2,3,2,4,5,4,3,4,2,3,4,3,2,3,4,4,5,5,2,2,4,4,4,4,4,4,4,4,4,4,3,3,4,4,3,4,4,3,5,4,5,1,2,1,2,5,3,5,1,4,4,3,4,3,4,5,4,6,6,6,6,5,5,6,5,5,5,5,2,4,3,3,6,4,3,"Woman","Post Doc","Non-STEM","This year","More than 10 years",NA
46,4,3,3,3,4,1,4,4,3,5,3,4,3,5,3,5,3,4,4,4,4,4,4,5,2,4,4,4,4,4,3,1,2,4,1,1,1,2,3,2,2,3,3,3,4,1,3,2,1,2,1,4,4,2,4,4,4,4,4,6,6,5,6,2,2,4,4,3,3,6,5,5,5,5,4,6,5,"Woman","Associate Professor","STEM (science, technology, engineering, mathematics)","This year","More than 10 years",NA
47,2,1,1,2,1,2,2,1,2,4,3,2,1,2,2,3,5,5,4,5,3,5,5,4,5,5,1,1,2,1,3,3,3,2,4,5,4,4,4,4,4,5,4,1,1,1,3,1,1,3,3,4,3,3,4,4,4,5,5,2,2,2,2,1,1,2,4,2,2,1,1,6,6,5,5,5,5,"Woman","Post Doc","STEM (science, technology, engineering, mathematics)","In the last 5 years","6-10 years",NA
49,3,1,2,4,2,1,4,1,2,2,5,5,5,1,4,5,5,4,5,3,5,4,4,4,2,3,4,4,4,3,4,4,4,4,4,2,2,4,5,3,5,5,5,1,1,1,1,4,1,1,1,4,4,3,4,3,5,5,5,1,1,2,4,1,1,6,5,7,6,5,4,7,7,6,6,6,6,"Woman","This does not apply to me","Non-STEM","This year","1-5 years",NA
50,3,2,2,4,3,5,5,4,5,5,3,3,3,4,5,3,4,4,4,4,3,4,2,1,1,2,4,4,4,4,3,4,4,4,2,4,3,3,3,3,3,3,3,1,1,2,1,2,1,1,1,3,3,3,3,3,3,3,3,3,5,5,5,2,2,3,6,5,5,5,3,3,3,2,2,3,3,"Man","Post Doc","Non-STEM","This year","More than 10 years",NA
51,5,5,5,5,5,5,5,5,5,5,4,5,5,5,5,5,1,5,5,2,1,1,1,1,1,1,5,5,1,5,5,5,5,5,1,2,1,1,5,4,1,4,5,4,4,4,2,4,1,2,3,3,1,1,1,1,1,3,3,7,2,6,7,7,7,7,7,6,7,7,7,1,1,1,1,5,5,"Woman","Assistant Professor","STEM (science, technology, engineering, mathematics)","In the last year","6-10 years",NA
52,2,2,2,3,2,4,5,2,2,4,4,2,2,3,2,2,4,4,3,4,4,2,5,4,2,5,3,4,4,3,3,4,4,4,5,5,4,5,5,5,5,4,5,1,4,1,1,4,1,1,1,4,4,3,4,4,4,4,4,2,6,5,6,3,5,5,5,6,6,6,5,4,5,4,5,6,6,"Woman","Post Doc","Non-STEM","In the last year","6-10 years",NA
53,4,3,4,3,3,4,5,4,4,4,2,4,4,4,4,4,2,4,4,4,2,3,4,4,4,4,5,5,5,5,5,4,4,4,3,3,2,4,5,5,3,4,3,1,1,1,1,3,1,1,1,4,4,3,3,3,4,4,4,6,6,6,6,3,4,6,6,6,6,6,4,5,5,7,7,7,7,"Man","Assistant Professor","Non-STEM","This year","6-10 years",NA
55,3,2,2,2,4,1,2,2,1,4,3,4,4,3,4,2,3,4,3,4,4,3,1,1,3,1,2,2,2,2,2,2,2,2,4,4,4,4,4,4,3,4,3,2,2,2,4,1,1,2,2,4,2,3,4,4,3,4,3,2,2,2,1,1,1,5,4,3,6,5,5,5,5,5,5,6,5,"Woman","Post Doc","STEM (science, technology, engineering, mathematics)","This year","1-5 years",NA
56,4,3,3,4,3,4,3,2,3,4,5,4,5,4,4,5,4,5,3,4,4,3,4,4,3,4,2,2,2,2,4,3,3,2,5,5,3,4,4,2,4,4,4,3,2,2,3,2,1,1,1,4,3,3,4,3,4,4,3,4,2,5,5,2,6,2,4,7,4,4,4,2,2,1,6,5,4,"Woman","This does not apply to me","Non-STEM","This year","More than 10 years",NA
57,2,1,2,1,1,1,2,1,2,2,3,2,2,3,5,4,3,4,4,4,5,4,5,5,5,5,2,3,2,4,3,3,2,2,3,2,2,4,4,2,5,5,5,5,1,1,3,1,1,1,4,5,5,4,4,4,4,4,5,2,2,2,2,1,7,3,5,5,5,5,2,5,5,2,4,5,5,"Woman","Associate Professor","Non-STEM","This year","More than 10 years",NA
58,2,2,2,2,2,3,3,2,2,2,3,4,3,3,3,4,4,5,5,3,5,5,5,4,5,5,1,2,1,1,3,2,2,2,4,4,3,4,4,3,4,4,4,1,1,2,1,3,1,1,1,4,4,4,4,4,4,4,5,2,2,2,2,1,1,4,4,5,4,4,2,7,7,4,7,7,7,"Woman","Full Professor","STEM (science, technology, engineering, mathematics)","This year","More than 10 years",NA
59,4,2,1,3,2,5,5,2,3,4,3,4,4,3,2,2,5,5,5,3,4,5,5,5,2,5,3,5,2,3,5,5,5,5,4,2,2,5,5,2,5,5,5,2,1,1,5,4,1,1,2,5,5,5,5,5,5,5,5,7,5,7,7,4,3,7,7,7,7,7,5,6,6,4,7,7,7,"Man","Full Professor","STEM (science, technology, engineering, mathematics)","This year","More than 10 years",NA
60,2,3,3,2,2,5,4,1,3,2,4,5,5,4,4,4,1,2,4,3,5,3,4,3,4,4,4,5,3,2,4,3,3,3,2,2,1,2,5,2,4,5,4,1,1,1,1,2,1,1,1,5,4,3,4,4,5,4,4,7,5,6,7,4,4,6,6,7,6,7,7,5,5,1,6,6,6,"Woman","Associate Professor","Non-STEM","This year","6-10 years",NA
61,3,2,2,2,2,4,2,2,4,2,4,4,4,4,2,4,4,4,4,4,4,3,5,5,2,5,2,2,2,2,3,4,3,2,2,2,2,4,5,2,5,4,4,1,1,1,1,2,1,1,1,4,2,4,4,3,4,5,5,1,3,5,2,2,2,7,2,3,2,2,2,2,2,2,7,7,7,"Man","PhD student","STEM (science, technology, engineering, mathematics)","This year","1-5 years","I don't know/ This does not apply to me/ 0 articles"
62,3,3,2,3,2,3,3,4,3,4,4,4,4,3,3,4,1,4,5,5,4,5,1,1,1,1,2,2,2,2,3,3,3,3,3,2,2,2,3,1,2,4,2,1,1,1,1,3,1,1,1,5,4,3,4,4,5,5,5,1,2,2,3,2,1,4,2,7,6,4,2,5,5,5,2,5,5,"Woman","Full Professor","Non-STEM","This year","More than 10 years",NA
63,4,3,2,2,3,2,3,2,2,4,4,2,2,2,3,3,3,4,5,4,4,4,4,4,1,3,2,2,2,2,3,4,4,3,3,3,3,4,4,3,4,5,4,3,1,1,2,5,1,4,4,5,5,4,5,5,5,4,4,2,1,1,4,2,2,6,4,6,4,2,2,5,5,3,5,5,5,"Woman","Assistant Professor","Non-STEM","This year","6-10 years",NA
64,3,1,1,3,3,2,2,1,2,2,3,4,4,4,2,3,5,4,4,4,4,4,3,3,3,3,1,2,1,1,4,2,3,2,5,5,3,4,4,4,5,5,5,2,1,1,1,5,3,1,5,5,4,4,5,3,5,4,3,5,2,4,3,2,2,3,4,5,5,3,1,3,3,3,5,5,5,"Man","PhD student","STEM (science, technology, engineering, mathematics)","This year","1-5 years","I don't know/ This does not apply to me/ 0 articles"
65,3,2,2,2,3,5,4,3,2,3,4,4,4,5,2,4,4,4,3,3,4,2,5,4,4,4,3,3,2,2,3,3,2,2,4,4,4,3,3,3,5,5,5,1,1,1,2,1,1,1,1,3,3,2,3,4,4,4,4,2,2,5,2,1,1,3,5,3,6,7,1,3,3,2,3,4,4,"Woman","Full Professor","STEM (science, technology, engineering, mathematics)","This year","1-5 years",NA
66,5,4,4,3,5,5,5,4,4,5,5,5,5,5,5,5,2,2,1,1,2,5,5,5,5,5,5,5,5,5,3,3,3,3,1,1,1,1,1,1,5,5,3,1,1,4,4,4,1,3,1,3,5,1,1,3,2,5,5,2,2,5,3,2,2,2,6,6,6,5,5,6,6,1,2,7,7,"Woman","Associate Professor","STEM (science, technology, engineering, mathematics)","In the last 5 years","More than 10 years",NA
67,3,2,2,3,3,4,5,3,4,3,4,4,4,4,3,4,3,4,4,4,3,3,4,3,2,4,2,3,2,2,4,2,4,2,3,3,2,4,4,4,5,5,5,1,1,2,1,2,1,2,1,4,3,3,4,3,4,4,3,5,4,4,5,5,5,6,3,6,3,4,3,4,4,3,4,5,4,"Woman","Assistant Professor","STEM (science, technology, engineering, mathematics)","In the last year","More than 10 years",NA
68,3,3,3,3,3,4,5,3,3,4,4,5,5,5,5,5,4,4,2,3,2,2,4,4,2,2,5,5,2,4,3,3,3,3,3,3,3,3,3,3,3,4,3,1,1,1,5,4,2,1,2,4,3,4,3,4,3,4,4,4,3,4,4,4,4,4,4,4,4,4,4,3,3,2,2,6,5,"Man","Assistant Professor","STEM (science, technology, engineering, mathematics)","This year","1-5 years",NA
69,2,1,2,2,3,5,4,1,4,4,1,3,4,4,1,4,5,4,5,4,5,2,5,5,1,5,1,2,2,2,3,2,3,3,4,2,2,4,4,2,4,5,4,1,3,2,1,3,1,1,3,4,3,3,5,4,4,5,5,2,4,1,2,1,1,2,7,6,1,2,1,6,6,6,6,5,6,"Woman","Associate Professor","Non-STEM","In the last year","More than 10 years",NA
70,4,4,3,4,4,4,5,4,4,4,3,4,4,3,4,3,4,3,4,4,2,2,5,1,5,5,5,5,5,5,4,4,4,4,4,4,2,1,1,1,4,4,4,2,1,1,4,5,1,2,1,3,3,3,3,4,4,3,3,3,4,4,4,3,2,6,2,5,3,2,2,2,2,3,3,5,5,"Woman","Associate Professor","STEM (science, technology, engineering, mathematics)","In the last year","More than 10 years",NA
71,3,2,1,3,1,4,4,2,2,2,2,4,4,3,3,4,5,5,5,5,5,5,5,5,5,5,1,5,1,1,3,4,3,5,3,3,1,4,5,3,4,4,4,1,1,3,4,3,1,4,4,5,4,3,4,4,5,5,5,3,2,6,5,2,2,5,3,6,4,4,4,6,6,6,5,6,6,"Man","Associate Professor","STEM (science, technology, engineering, mathematics)","This year","More than 10 years",NA
72,3,3,2,3,4,4,5,4,4,2,3,4,4,5,3,4,5,5,3,3,2,4,2,2,1,2,4,4,4,4,4,3,3,3,4,4,4,4,4,4,3,4,3,1,1,1,3,4,1,1,1,3,4,3,3,3,4,3,3,5,4,6,3,2,5,5,6,4,2,4,4,5,5,2,2,5,5,"Man","Post Doc","STEM (science, technology, engineering, mathematics)","This year","More than 10 years",NA
73,1,1,1,1,NA,NA,NA,NA,NA,NA,NA,NA,NA,NA,NA,NA,NA,NA,NA,NA,NA,NA,NA,NA,NA,NA,5,1,5,5,1,1,1,5,1,1,1,1,1,1,1,1,1,1,1,1,1,1,1,1,1,1,2,3,4,5,4,1,1,7,7,1,7,1,1,1,7,1,7,7,1,2,2,2,2,2,2,"Prefer not to say","Full Professor","STEM (science, technology, engineering, mathematics)","This year","More than 10 years",NA
74,2,1,2,2,1,2,2,1,1,1,3,3,4,2,1,4,5,5,5,4,4,5,5,5,5,5,1,2,2,1,3,4,3,2,5,5,3,5,4,4,5,5,5,1,1,3,5,2,2,1,1,5,5,4,5,4,5,5,4,3,3,6,6,1,1,2,2,6,6,2,1,7,7,2,6,6,6,"Man","Full Professor","STEM (science, technology, engineering, mathematics)","This year","More than 10 years",NA
75,3,2,2,2,4,4,5,4,4,2,5,5,4,4,1,4,2,2,1,2,2,3,5,4,4,5,3,4,2,2,4,2,4,4,2,1,1,2,2,2,4,4,5,4,4,2,1,4,4,4,1,1,2,3,3,2,2,5,5,3,2,2,3,2,2,6,1,NA,3,5,6,2,2,2,2,6,6,"Man","Full Professor","Non-STEM","This year","More than 10 years",NA
76,3,2,2,3,2,4,4,3,2,4,3,3,3,2,3,2,4,5,5,4,5,4,5,5,4,5,4,4,4,4,4,5,4,4,5,4,4,4,5,3,5,5,5,1,1,1,1,2,1,1,1,4,4,3,4,4,4,4,4,5,4,5,6,3,5,6,5,7,3,3,4,6,6,4,6,4,4,"Woman","Full Professor","Non-STEM","In the last year","More than 10 years",NA
77,4,2,3,4,2,5,5,4,4,4,3,5,5,5,5,5,4,4,4,4,2,3,3,2,2,2,5,4,5,5,3,4,4,4,4,3,4,3,4,3,4,4,4,1,1,1,3,2,2,1,1,4,4,3,4,2,4,4,4,2,2,2,3,2,2,5,4,5,5,2,2,6,6,6,5,5,5,"Man","This does not apply to me","STEM (science, technology, engineering, mathematics)","This year","6-10 years",NA
78,4,3,3,2,3,4,4,3,3,5,4,3,4,4,2,3,3,3,4,4,3,3,5,4,4,5,2,4,4,4,3,4,3,3,2,1,1,2,2,1,3,4,3,1,3,3,3,4,3,1,2,4,2,4,4,3,4,4,3,3,3,3,3,2,2,2,4,4,3,2,2,5,4,2,4,5,5,"Woman","Associate Professor","STEM (science, technology, engineering, mathematics)","This year","More than 10 years",NA
79,3,2,2,3,2,3,4,2,2,1,2,3,3,3,3,4,5,5,5,5,5,3,5,5,3,5,2,3,2,2,3,3,3,3,3,2,2,4,5,4,5,5,5,2,1,1,4,1,1,1,2,5,4,3,4,3,5,4,4,2,4,2,2,1,1,5,6,6,2,4,2,2,2,2,6,6,6,"Man","Associate Professor","STEM (science, technology, engineering, mathematics)","This year","More than 10 years",NA
80,4,4,4,4,2,4,5,5,4,5,5,5,5,5,3,4,4,4,4,4,4,2,4,3,3,4,3,4,3,3,5,5,4,5,1,1,1,4,2,1,5,5,5,1,1,1,3,1,1,3,2,4,5,3,4,4,5,4,2,7,7,6,7,6,7,6,6,7,6,6,4,6,6,5,5,4,4,"Man","Full Professor","Non-STEM","This year","More than 10 years",NA
81,3,3,1,4,4,3,4,2,3,2,2,3,4,2,2,4,4,4,4,4,4,4,5,4,4,5,1,1,1,1,3,3,3,2,5,5,3,5,5,2,4,5,4,1,1,1,1,5,1,4,2,4,4,3,4,4,5,4,4,1,2,2,2,1,1,2,5,6,6,5,1,6,6,6,6,5,5,"Woman","Associate Professor","Non-STEM","This year","More than 10 years",NA
82,4,3,2,3,4,4,4,4,4,4,4,3,3,4,3,4,3,3,5,5,3,3,4,4,1,3,4,4,4,4,5,5,5,4,3,3,2,3,3,2,4,4,3,5,1,1,3,4,1,3,3,4,4,4,4,3,4,3,3,4,3,4,4,2,2,3,5,5,6,2,2,6,3,2,2,6,5,"Woman","Associate Professor","STEM (science, technology, engineering, mathematics)","This year","More than 10 years",NA
83,4,3,2,3,3,2,5,3,4,4,3,2,1,1,3,1,4,5,5,5,5,5,3,2,2,3,5,5,5,5,5,5,5,4,3,3,3,4,5,4,4,5,3,5,1,1,1,3,2,2,1,4,4,3,4,3,4,5,5,3,5,6,6,4,1,7,5,7,6,5,5,5,5,2,3,7,7,"Woman","Associate Professor","STEM (science, technology, engineering, mathematics)","This year","More than 10 years",NA
84,3,2,2,4,3,5,5,4,2,4,1,2,2,1,2,2,3,5,5,4,5,5,5,5,5,5,4,4,4,4,3,5,5,5,5,5,3,4,5,3,5,5,5,1,1,1,1,3,1,2,1,5,5,3,5,3,5,4,4,5,2,2,2,1,1,7,4,7,6,4,3,7,7,6,7,4,4,"Woman","Full Professor","Non-STEM","This year","More than 10 years",NA
85,3,1,1,2,2,4,3,1,2,2,2,3,4,3,2,3,3,5,5,4,4,4,5,5,5,5,4,4,3,4,3,2,1,2,5,5,5,3,3,3,4,5,5,1,1,1,3,4,1,1,2,4,4,4,4,4,4,5,5,2,3,2,3,2,2,2,3,3,6,3,2,6,4,6,6,7,6,"Man","Assistant Professor","Non-STEM","This year","6-10 years",NA
86,4,2,2,4,4,4,4,3,2,3,2,4,4,4,3,3,4,5,5,4,3,4,5,5,4,5,3,4,4,4,4,4,4,4,4,2,1,4,4,2,4,3,3,2,1,2,3,3,2,3,3,4,5,3,3,3,4,4,3,5,4,5,3,5,5,5,4,6,5,5,4,3,2,2,3,4,3,"Woman","Full Professor","STEM (science, technology, engineering, mathematics)","In the last year","More than 10 years",NA
87,2,1,1,2,1,1,3,2,3,2,1,2,3,2,1,4,5,5,5,5,5,5,5,5,5,5,1,2,2,1,2,3,2,2,5,5,4,5,5,3,5,5,5,1,1,2,4,4,1,1,1,4,3,3,4,4,5,5,5,1,1,1,1,1,1,1,2,2,2,2,1,6,6,3,4,7,7,"Man","Associate Professor","STEM (science, technology, engineering, mathematics)","This year","More than 10 years",NA
88,5,4,3,2,2,4,4,2,3,4,4,4,5,5,4,4,4,5,4,4,4,3,3,3,2,3,4,2,4,4,4,3,3,3,3,3,2,4,4,3,3,4,4,5,1,5,2,3,1,1,2,4,3,2,3,3,3,3,3,3,5,6,NA,2,2,6,6,6,5,5,4,6,6,2,3,6,5,"Woman","Assistant Professor","STEM (science, technology, engineering, mathematics)","This year","6-10 years",NA
89,4,4,3,4,2,5,5,4,5,4,4,4,4,4,2,5,2,4,5,2,2,3,4,5,2,3,5,4,4,5,2,5,4,5,5,5,3,3,3,2,5,3,4,3,1,4,4,2,1,1,2,3,2,1,3,3,4,3,2,2,3,2,3,2,2,7,3,7,2,5,2,1,3,2,1,5,4,"Woman","PhD student","STEM (science, technology, engineering, mathematics)","In the last year","1-5 years","3-4 articles"
90,3,2,2,3,3,4,5,3,4,3,2,4,3,3,4,4,4,4,4,4,2,3,5,5,5,5,4,4,3,3,4,3,3,4,4,4,2,4,4,2,5,5,5,2,1,2,1,2,1,4,1,4,3,2,4,3,4,4,3,2,2,2,3,2,2,5,1,2,2,2,2,6,6,4,5,5,4,"Man","Full Professor","Non-STEM","In the last year","More than 10 years",NA
91,2,2,1,2,2,4,4,2,1,3,2,4,3,3,3,4,4,4,4,4,4,4,3,3,2,3,2,2,2,2,3,3,3,4,3,3,2,4,4,3,5,5,5,1,1,1,1,2,1,1,1,4,5,5,4,4,5,5,4,2,1,1,1,1,1,1,1,5,5,1,1,6,6,5,7,5,5,"Woman","Full Professor","Non-STEM","In the last year","More than 10 years",NA
92,2,2,2,2,3,4,4,3,2,3,2,2,2,3,4,4,4,5,5,2,4,4,5,5,5,5,2,3,2,2,2,2,3,3,4,4,2,4,4,4,5,5,5,4,1,2,4,4,2,2,2,5,5,4,5,4,5,5,5,3,3,5,3,3,2,2,2,6,3,3,4,6,6,6,6,6,6,"Man","Assistant Professor","STEM (science, technology, engineering, mathematics)","This year","More than 10 years",NA
93,3,3,4,3,4,5,5,5,1,3,4,4,4,4,2,3,3,3,5,4,4,4,5,5,5,5,4,4,4,4,4,3,3,3,5,5,3,5,5,4,5,5,5,2,3,1,2,3,1,1,2,5,4,4,5,4,4,4,4,1,2,2,2,2,2,3,4,6,2,3,2,5,5,3,3,5,5,"Woman","Full Professor","STEM (science, technology, engineering, mathematics)","This year","More than 10 years",NA
94,3,2,3,3,2,5,5,5,4,4,3,4,4,4,4,4,4,1,4,2,3,3,4,4,5,4,5,5,4,3,4,5,5,4,1,3,2,2,2,2,4,4,4,1,1,2,3,2,1,1,1,3,5,3,4,2,4,4,4,6,5,5,4,4,4,6,4,4,4,4,2,5,5,2,NA,3,3,"Woman","This does not apply to me","Non-STEM","This year","More than 10 years",NA
95,4,4,2,5,1,3,4,2,3,4,2,4,4,5,5,4,4,5,5,4,4,3,5,4,5,5,4,4,4,4,4,5,4,5,4,2,3,4,4,4,4,4,3,2,1,1,1,2,2,2,2,4,5,3,4,3,4,3,3,5,3,4,3,2,2,6,6,5,5,5,1,6,6,6,5,5,4,"Woman","Full Professor","STEM (science, technology, engineering, mathematics)","In the last year","More than 10 years",NA
96,4,3,3,2,1,5,4,2,2,3,3,4,4,3,3,3,3,4,5,4,4,4,4,4,4,4,2,4,2,2,3,2,2,2,3,3,3,3,4,4,5,5,5,1,1,1,1,1,1,1,1,5,4,3,3,4,4,4,4,2,2,2,2,3,3,3,2,2,5,2,2,1,1,1,2,6,6,"Man","Full Professor","STEM (science, technology, engineering, mathematics)","This year","More than 10 years",NA
97,4,4,3,5,4,4,4,4,4,4,4,4,4,3,4,4,4,4,3,2,3,3,1,4,1,3,5,4,5,5,3,3,3,3,3,3,3,4,3,3,4,3,3,1,1,1,3,4,1,4,2,2,3,2,3,2,3,3,3,4,4,5,6,5,5,7,7,7,7,3,5,4,4,2,2,5,4,"Man","Assistant Professor","STEM (science, technology, engineering, mathematics)","In the last year","More than 10 years",NA
98,3,3,2,1,1,1,1,1,2,1,3,4,2,3,2,4,3,5,5,5,5,5,5,5,4,5,1,1,2,1,2,2,2,2,2,2,2,4,4,3,3,5,3,1,1,1,1,3,1,1,1,4,5,4,4,4,4,4,3,2,2,2,2,1,1,5,2,6,3,4,5,6,6,6,6,6,6,"Woman","Full Professor","STEM (science, technology, engineering, mathematics)","This year","More than 10 years",NA
99,3,2,1,3,4,2,2,2,1,1,4,5,5,3,4,4,5,5,5,5,5,3,5,5,3,5,1,2,1,1,4,4,3,2,4,4,3,4,4,3,5,5,5,2,3,2,1,4,1,1,1,5,5,5,5,4,5,4,5,1,2,7,3,2,2,2,6,2,6,2,2,3,3,1,1,6,6,"Woman","Associate Professor","Non-STEM","In the last year","More than 10 years",NA
100,2,2,1,3,3,4,3,2,5,4,3,2,3,3,3,4,4,4,3,3,4,4,2,2,2,2,3,4,4,3,3,4,3,4,5,5,3,4,4,2,5,5,5,1,3,2,2,3,1,3,2,4,2,2,4,3,4,4,4,5,4,5,5,4,5,5,2,1,2,2,1,2,2,1,3,6,5,"Woman","Post Doc","Non-STEM","In the last year","6-10 years",NA
101,3,2,1,2,4,4,4,2,3,2,3,3,3,3,3,3,3,4,4,4,2,4,3,2,1,3,1,1,2,2,4,4,4,4,4,3,3,5,5,5,5,5,5,2,1,2,2,2,1,2,2,4,4,3,5,3,5,4,4,3,5,6,5,4,3,7,5,7,5,5,3,6,6,3,5,7,6,"Woman","Assistant Professor","STEM (science, technology, engineering, mathematics)","This year","More than 10 years",NA
102,3,3,2,3,1,3,4,2,3,2,3,3,3,4,3,2,4,4,4,4,3,4,5,5,4,5,2,2,2,2,4,4,3,3,4,4,2,3,3,2,4,5,4,4,2,3,4,2,3,3,5,3,3,3,4,4,4,4,4,2,3,2,2,2,2,4,2,2,6,2,1,6,6,4,5,4,4,"Woman","Associate Professor","Non-STEM","In the last year","More than 10 years",NA
103,3,2,1,4,4,3,4,4,4,3,5,5,4,5,4,5,4,1,5,5,4,3,5,5,5,5,4,4,3,3,5,2,5,4,3,4,1,3,5,1,2,5,3,1,1,2,3,4,2,3,1,5,4,3,5,4,4,4,3,4,3,3,5,4,4,4,5,7,7,5,2,3,2,6,4,3,3,"Woman","Associate Professor","Non-STEM","This year","More than 10 years",NA
104,4,2,2,3,3,4,4,2,2,4,4,4,2,2,4,2,4,5,5,5,4,5,5,5,5,5,4,5,4,4,3,1,4,5,5,5,4,5,5,3,2,4,3,2,1,1,2,2,1,2,3,4,4,2,4,3,4,4,4,6,5,6,5,2,5,6,6,6,5,5,5,6,6,3,3,5,5,"Woman","Full Professor","STEM (science, technology, engineering, mathematics)","This year","More than 10 years",NA
105,1,1,1,1,1,1,1,1,1,1,1,4,5,5,4,5,5,5,5,5,5,3,3,3,3,3,2,4,2,2,3,3,2,3,5,5,3,5,5,3,5,4,5,1,1,1,1,1,1,1,1,4,4,4,4,4,4,4,4,4,4,5,5,5,5,4,4,4,4,4,4,4,4,4,4,4,4,"Woman","This does not apply to me","Non-STEM","This year","Less than 1 year",NA
106,3,2,2,3,2,4,4,3,2,4,2,2,4,4,4,4,4,4,4,4,4,4,4,2,2,3,4,4,4,4,3,3,3,3,4,3,3,4,4,3,5,5,4,1,2,4,4,4,1,1,4,4,4,3,4,2,4,4,3,3,3,5,4,3,3,5,5,5,5,5,5,5,5,2,6,2,2,"Woman","Post Doc","STEM (science, technology, engineering, mathematics)","This year","6-10 years",NA
107,3,3,2,3,2,2,4,1,2,2,3,4,4,3,3,4,4,4,4,4,5,4,4,4,2,3,2,2,3,2,4,4,4,4,4,3,3,5,5,5,3,5,4,2,1,1,3,3,2,2,2,4,4,5,4,4,4,4,5,2,2,1,2,1,1,4,6,6,6,7,2,6,6,2,5,5,6,"Woman","Associate Professor","STEM (science, technology, engineering, mathematics)","This year","More than 10 years",NA
108,3,2,2,3,3,2,2,1,2,4,2,4,3,4,3,4,2,4,4,4,5,5,5,5,5,5,2,2,2,2,4,4,2,2,2,2,1,4,4,2,2,4,3,1,1,2,2,4,1,1,2,4,5,5,5,4,5,4,3,2,1,2,2,1,1,5,3,6,2,2,2,4,4,4,4,6,6,"Man","Full Professor","STEM (science, technology, engineering, mathematics)","This year","More than 10 years",NA
109,1,1,2,2,1,3,2,2,1,2,1,1,3,2,3,2,5,5,5,5,5,4,5,5,5,5,1,1,1,1,3,3,2,2,3,3,2,5,4,3,4,5,4,1,2,1,2,3,1,2,1,5,4,3,4,3,4,5,5,2,2,2,2,1,1,2,2,3,4,2,1,5,6,4,4,6,6,"Woman","Full Professor","Non-STEM","This year","More than 10 years",NA
110,4,4,4,4,3,4,3,4,4,2,4,4,4,5,2,4,2,4,2,4,2,4,2,4,1,3,5,5,4,1,3,3,3,2,2,2,2,4,4,1,5,3,3,1,2,1,4,4,2,2,2,3,3,3,3,3,3,3,3,5,4,4,4,4,4,6,4,4,4,4,4,2,2,4,4,7,7,"Man","Associate Professor","STEM (science, technology, engineering, mathematics)","In the last year","6-10 years",NA
111,3,2,1,1,2,4,5,2,3,4,3,4,4,4,2,4,5,4,5,4,2,5,4,4,2,5,4,4,3,4,3,4,3,3,3,4,1,4,4,2,4,5,5,1,1,2,3,3,1,2,4,4,5,4,4,4,4,5,4,3,2,3,4,2,2,5,3,5,3,2,3,3,3,6,6,6,6,"Woman","Post Doc","Non-STEM","This year","More than 10 years",NA
112,4,3,2,3,5,5,5,3,3,5,3,5,5,5,2,4,3,4,5,5,3,4,3,2,1,4,3,4,4,5,5,4,4,5,4,4,4,3,4,3,4,4,4,2,1,2,4,4,1,2,4,4,3,2,4,3,5,4,3,6,5,5,6,5,4,6,4,6,6,5,1,2,3,3,3,5,5,"Woman","Associate Professor","STEM (science, technology, engineering, mathematics)","This year","More than 10 years",NA
113,4,3,3,2,4,5,5,3,2,4,2,5,5,5,3,5,4,5,5,2,3,5,2,4,1,2,3,4,4,4,5,2,5,4,2,4,3,3,3,3,4,5,5,2,2,1,3,2,4,4,4,5,5,3,4,2,3,5,5,4,1,6,2,NA,NA,6,2,NA,NA,4,4,4,4,3,3,7,7,"Man","Associate Professor","STEM (science, technology, engineering, mathematics)","In the last year","More than 10 years",NA
114,4,3,2,3,1,5,5,3,4,3,5,5,5,5,5,5,3,4,5,5,2,3,5,5,5,5,5,5,5,5,4,4,4,5,3,2,1,4,5,2,4,5,3,1,1,1,3,2,1,1,1,3,3,2,4,3,4,3,3,2,2,5,2,1,1,5,4,7,6,5,1,5,5,3,4,4,4,"Woman","Full Professor","Non-STEM","This year","More than 10 years",NA
115,3,2,3,2,3,4,5,3,4,3,1,3,3,3,3,2,5,5,5,4,3,4,5,5,5,5,4,5,5,5,4,3,3,4,5,3,2,3,4,3,5,5,5,3,1,1,2,3,1,1,1,5,4,5,5,5,5,5,4,4,2,4,3,4,4,5,4,6,5,5,2,2,4,3,6,7,5,"Woman","Associate Professor","Non-STEM","This year","More than 10 years",NA
116,3,4,4,2,4,3,4,3,4,4,4,5,5,5,4,5,3,3,4,4,3,3,3,2,2,3,2,3,2,2,4,4,4,4,3,2,3,3,5,3,4,4,5,2,1,3,2,4,1,2,3,4,4,3,4,4,4,3,3,5,6,6,6,4,5,6,6,7,7,6,4,6,6,6,6,3,3,"Woman","Post Doc","Non-STEM","In the last year","6-10 years",NA
117,2,2,2,3,1,5,3,2,1,4,4,5,5,2,1,5,5,5,5,5,5,4,5,5,5,5,1,2,1,2,2,3,4,4,5,5,5,3,2,2,5,5,5,1,1,1,1,1,1,1,1,3,5,5,5,5,5,5,5,2,1,1,1,1,1,1,4,2,6,4,2,2,2,1,1,7,7,"Man","PhD student","STEM (science, technology, engineering, mathematics)","This year","1-5 years","3-4 articles"
118,3,1,1,3,1,3,4,1,2,5,1,4,4,3,4,4,2,4,4,5,5,2,5,4,2,4,5,4,4,5,5,2,5,4,3,3,2,3,3,2,5,3,3,1,1,3,2,5,1,1,2,3,3,2,3,2,3,4,3,3,5,5,3,3,3,7,5,5,5,5,5,5,5,1,3,2,2,"Man","Associate Professor","STEM (science, technology, engineering, mathematics)","This year","More than 10 years",NA
119,2,2,2,2,4,4,3,4,3,2,4,4,4,4,5,4,4,4,2,2,4,3,3,4,2,3,3,4,3,4,5,3,3,3,4,3,3,3,4,4,2,4,3,3,1,4,4,4,3,3,3,4,2,2,2,2,2,2,2,4,2,5,2,5,5,5,2,6,3,3,4,3,4,5,5,4,4,"Man","PhD student","STEM (science, technology, engineering, mathematics)","In the last year","1-5 years","1-2 articles"
120,2,2,2,3,2,3,2,2,2,4,3,4,2,2,2,2,4,5,5,2,4,3,1,1,1,1,1,1,4,1,2,3,3,2,5,2,2,4,5,4,5,5,5,1,3,2,2,5,1,5,2,4,3,1,4,3,4,4,3,2,2,2,3,2,1,4,2,5,1,4,2,4,3,7,7,4,4,"Woman","PhD student","STEM (science, technology, engineering, mathematics)","This year","6-10 years","3-4 articles"
121,3,2,2,2,2,2,4,2,2,2,4,4,4,5,3,4,4,5,5,4,5,4,3,3,2,2,1,2,1,1,4,4,3,3,5,5,4,5,4,3,4,4,4,1,1,1,1,3,1,1,3,4,4,4,4,5,5,3,4,2,2,2,3,2,2,4,5,6,5,6,2,6,6,6,6,6,4,"Woman","Post Doc","Non-STEM","This year","6-10 years",NA
122,2,2,1,3,2,2,2,2,2,4,2,3,4,3,3,4,4,4,3,4,5,4,4,3,2,4,3,4,4,2,2,4,2,3,3,3,2,4,4,2,3,4,3,1,2,2,2,4,2,3,2,3,3,3,3,4,4,3,3,2,2,2,4,2,2,2,2,5,3,2,2,4,5,5,5,4,4,"Woman","Post Doc","Non-STEM","This year","6-10 years",NA
123,3,2,2,3,2,2,2,2,2,4,2,2,2,2,2,2,4,4,4,4,4,4,4,4,4,4,1,4,2,2,3,3,2,2,5,5,4,5,5,4,5,5,5,1,1,1,2,3,1,2,2,4,4,3,3,4,4,4,4,2,2,2,2,1,1,3,2,3,6,1,1,6,6,6,6,6,6,"Woman","PhD student","STEM (science, technology, engineering, mathematics)","This year","1-5 years","1-2 articles"
124,3,1,2,2,4,4,4,2,2,4,3,4,4,3,3,2,3,3,4,3,2,4,5,5,3,4,2,2,3,2,4,3,3,2,3,4,3,4,4,3,4,4,4,3,1,3,2,3,2,3,2,5,5,4,4,3,4,4,5,2,3,4,3,2,2,5,2,6,3,3,2,6,6,4,4,3,3,"Man","Associate Professor","STEM (science, technology, engineering, mathematics)","This year","More than 10 years",NA
125,4,3,1,3,2,4,3,4,2,4,4,4,4,4,4,4,4,4,5,3,4,4,5,5,5,5,4,4,4,4,3,4,3,2,3,4,2,4,4,4,4,4,4,2,2,2,4,4,2,1,3,4,5,3,4,4,4,4,4,1,2,1,4,1,1,2,3,2,6,2,1,6,6,2,4,4,4,"Woman","Associate Professor","Non-STEM","This year","More than 10 years",NA
126,3,2,2,4,1,1,4,1,1,1,1,4,5,2,2,2,2,4,5,5,5,4,2,3,2,2,3,2,4,2,3,3,3,4,4,4,3,4,4,4,3,4,3,1,1,1,1,1,2,2,1,5,5,5,5,4,5,5,5,2,2,6,3,4,5,4,3,6,3,4,4,5,5,1,2,3,2,"Man","Assistant Professor","STEM (science, technology, engineering, mathematics)","This year","6-10 years",NA
127,4,3,3,3,2,5,4,2,5,4,2,4,4,4,2,5,3,4,2,3,4,4,3,3,2,4,5,4,5,5,5,4,3,3,5,4,5,3,4,4,4,5,4,5,3,1,2,2,1,3,1,3,3,1,1,2,3,4,4,6,4,7,6,5,5,4,3,6,2,2,1,3,4,4,7,6,6,"Woman","PhD student","STEM (science, technology, engineering, mathematics)","This year","1-5 years","More than 4 articles"
128,2,2,2,2,1,3,4,2,3,2,2,4,3,4,3,4,5,5,4,5,4,5,4,4,3,5,2,4,2,2,3,3,2,2,3,4,3,4,4,3,4,4,4,1,1,2,5,3,2,2,4,4,5,4,5,4,5,4,4,3,4,5,5,6,2,5,4,4,3,3,1,5,5,5,7,6,5,"Woman","Associate Professor","STEM (science, technology, engineering, mathematics)","In the last year","More than 10 years",NA
129,2,2,1,2,2,3,4,2,2,3,3,4,3,4,2,3,4,5,4,4,5,4,5,5,5,5,1,2,2,2,4,2,2,3,5,5,5,4,4,4,3,4,3,2,1,2,3,4,2,2,2,4,4,2,4,4,4,5,5,2,2,2,2,2,2,5,6,6,6,6,3,6,6,5,5,5,5,"Woman","Associate Professor","Non-STEM","This year","6-10 years",NA
130,2,2,2,2,2,2,4,2,3,2,2,2,3,3,4,3,4,4,4,4,4,4,5,4,5,5,2,2,2,2,3,2,3,2,3,3,3,4,4,4,3,4,3,1,1,1,1,1,1,1,1,4,4,3,4,3,4,5,5,2,3,2,3,2,2,5,3,5,6,3,2,3,3,6,6,6,6,"Woman","Post Doc","Non-STEM","This year","1-5 years",NA
131,3,2,2,3,2,4,2,2,2,2,4,4,4,4,4,4,4,4,4,4,2,3,5,5,5,5,4,4,2,4,3,3,2,2,3,4,1,4,3,1,4,4,4,1,1,2,4,4,1,2,1,4,5,4,4,4,5,4,3,2,2,2,4,2,2,2,2,3,2,2,2,5,5,6,6,5,4,"Man","Associate Professor","STEM (science, technology, engineering, mathematics)","In the last year","More than 10 years",NA
132,3,3,3,4,4,5,5,5,4,4,4,4,3,4,3,3,3,3,4,2,2,3,4,4,3,4,4,4,4,4,4,5,5,4,1,1,1,2,2,2,2,3,2,3,2,2,2,4,2,3,3,3,4,2,3,2,3,3,3,4,5,5,5,4,3,5,5,6,6,5,4,5,2,2,2,2,1,"Woman","Associate Professor","Non-STEM","This year","More than 10 years",NA
133,5,5,3,3,4,5,5,5,4,4,5,5,5,5,2,5,3,3,4,1,4,4,3,3,2,2,3,4,4,4,4,4,4,4,3,3,3,3,3,3,4,4,4,1,1,1,1,1,1,1,1,4,3,2,3,2,4,2,2,6,5,5,4,3,2,5,5,6,5,4,2,1,1,5,5,1,1,"Woman","Assistant Professor","Non-STEM","This year","More than 10 years",NA
135,3,2,2,3,2,3,3,2,2,2,2,4,4,4,2,4,4,5,4,3,4,4,3,3,3,3,1,2,2,2,4,3,4,2,4,5,4,4,4,4,5,4,4,5,2,2,3,3,1,1,2,4,4,4,4,3,4,3,3,3,4,4,3,3,3,2,2,3,3,3,2,5,5,4,4,5,4,"Man","PhD student","STEM (science, technology, engineering, mathematics)","This year","1-5 years","1-2 articles"
136,1,2,2,2,1,1,2,1,2,1,2,3,3,1,3,1,4,4,5,5,5,5,5,5,4,5,2,2,2,2,2,2,2,2,4,3,2,3,3,3,5,4,4,1,1,1,2,2,1,1,1,3,4,3,4,4,5,4,4,3,2,2,3,2,2,5,5,6,5,3,4,7,7,5,6,6,7,"Man","Full Professor","STEM (science, technology, engineering, mathematics)","This year","More than 10 years",NA
137,3,2,3,2,2,4,3,2,2,3,4,4,4,4,3,4,3,2,5,3,4,4,4,4,3,4,2,2,2,2,5,3,3,3,4,4,2,4,4,3,3,4,3,2,2,4,2,5,1,2,4,4,3,3,3,4,4,4,4,3,3,5,3,3,3,6,6,6,6,5,5,5,5,3,3,5,5,"Woman","Associate Professor","Non-STEM","In the last year","More than 10 years",NA
138,4,2,3,4,2,5,5,4,1,4,5,3,5,3,3,3,4,5,5,5,4,4,3,3,3,3,5,5,5,5,5,4,5,1,3,3,2,3,3,3,5,5,5,1,1,1,5,3,1,3,1,5,4,4,4,4,3,5,5,3,5,6,4,4,4,6,6,4,4,3,4,2,2,2,2,5,5,"Man","Full Professor","STEM (science, technology, engineering, mathematics)","This year","More than 10 years",NA
139,2,3,2,4,1,1,4,1,4,2,1,1,1,2,1,5,5,5,4,5,5,5,1,1,1,1,1,1,1,1,2,3,4,2,5,5,5,5,5,5,3,5,4,1,1,1,1,1,1,1,1,5,5,5,5,5,5,5,5,1,2,2,2,1,6,1,6,1,7,2,1,1,1,1,5,3,3,"Woman","Post Doc","STEM (science, technology, engineering, mathematics)","This year","1-5 years",NA
140,3,3,2,3,1,2,3,2,3,3,4,3,3,3,2,3,3,4,5,4,3,4,4,4,3,4,3,4,2,3,3,2,3,3,3,3,3,3,3,3,4,4,3,4,3,3,4,2,2,2,3,3,3,3,3,3,3,3,3,4,4,4,4,4,4,4,4,4,4,4,4,3,3,1,1,4,5,"Woman","Full Professor","STEM (science, technology, engineering, mathematics)","This year","More than 10 years",NA
141,4,4,2,2,3,2,4,4,2,5,5,5,5,5,3,5,3,4,4,4,3,3,4,4,3,4,3,3,4,4,4,4,3,4,1,1,2,4,4,4,3,4,3,1,1,1,3,2,1,3,2,2,2,3,2,3,3,2,1,6,6,7,4,5,4,7,6,6,4,2,5,1,1,2,6,4,4,"Woman","This does not apply to me","STEM (science, technology, engineering, mathematics)","This year","More than 10 years",NA
142,2,2,2,2,2,2,2,2,2,5,3,3,3,4,2,4,5,5,5,5,5,5,5,5,4,4,4,4,4,4,2,2,2,2,5,5,3,5,5,3,5,5,5,1,1,5,3,4,1,3,3,2,5,4,2,3,4,5,5,3,2,3,2,2,2,3,6,3,6,2,2,3,3,4,4,5,5,"Woman","Assistant Professor","Non-STEM","In the last year","6-10 years",NA
143,3,3,2,2,2,4,5,2,3,2,2,2,3,3,2,5,3,4,3,3,4,3,4,4,4,4,2,2,3,3,4,4,4,4,4,4,2,4,4,3,4,4,4,1,1,2,2,2,1,2,2,4,3,3,4,4,4,4,4,3,6,5,5,4,4,4,6,6,5,5,2,7,7,3,4,5,5,"Man","Full Professor","Non-STEM","This year","More than 10 years",NA
144,2,2,1,2,1,1,1,1,2,2,1,3,4,4,2,5,5,5,5,5,5,5,3,3,2,3,2,2,2,2,2,1,2,2,5,5,3,4,5,3,4,4,4,1,1,1,1,4,1,1,1,4,4,4,4,5,5,3,3,1,2,2,2,1,1,1,1,1,2,1,1,5,5,6,6,6,6,"Man","PhD student","STEM (science, technology, engineering, mathematics)","In the last year","1-5 years","1-2 articles"
145,4,4,2,2,1,2,4,2,1,4,2,5,3,3,2,4,1,2,5,5,5,4,5,5,5,5,4,4,4,4,5,4,3,3,2,1,1,2,2,2,5,5,5,1,1,1,1,1,1,1,1,5,5,4,5,4,5,4,4,2,2,1,2,1,1,1,3,5,7,5,1,6,6,6,5,6,6,"Woman","Associate Professor","Non-STEM","This year","More than 10 years",NA
146,2,1,3,2,2,4,4,2,2,2,2,3,4,3,2,5,4,4,4,4,4,2,5,5,4,5,2,3,2,2,4,4,4,3,5,4,2,4,3,2,4,5,4,2,2,2,3,2,1,1,2,4,4,4,4,4,5,4,4,3,2,2,2,2,2,2,6,6,6,5,2,6,6,6,5,7,6,"Man","Full Professor","Non-STEM","This year","More than 10 years",NA
147,2,2,1,2,1,1,2,2,4,2,2,5,4,2,3,1,4,4,5,4,4,4,5,5,5,5,2,2,2,2,3,3,3,3,2,1,1,2,2,2,3,4,3,3,1,1,2,3,1,1,2,4,5,4,5,5,5,4,4,2,2,2,4,5,4,4,4,4,4,6,2,3,3,2,2,6,6,"Man","Full Professor","STEM (science, technology, engineering, mathematics)","This year","More than 10 years",NA
148,4,4,2,3,4,5,5,5,4,2,5,5,5,5,2,5,2,4,2,1,2,1,3,3,2,4,4,4,4,4,4,5,5,4,2,3,4,3,4,2,4,5,4,1,1,2,2,2,1,3,2,3,2,2,3,3,4,3,2,6,3,5,2,5,5,3,6,7,7,7,5,4,3,2,4,2,2,"Man","Associate Professor","Non-STEM","This year","More than 10 years",NA
149,2,2,1,2,2,4,1,3,2,4,3,4,4,4,2,3,5,4,5,3,4,4,4,4,2,4,1,2,2,2,3,2,2,2,1,1,1,3,3,2,4,4,3,2,1,3,3,2,2,4,4,4,5,4,5,5,4,4,3,7,6,5,6,5,5,2,1,5,3,4,1,5,6,2,4,5,5,"Man","Full Professor","Non-STEM","In the last year","More than 10 years",NA
150,3,3,2,3,1,1,1,1,2,1,3,5,5,4,4,5,4,5,5,5,4,5,5,5,5,5,2,2,2,2,3,2,3,2,5,5,3,5,5,4,4,4,4,1,1,1,1,2,1,1,1,4,5,4,5,5,4,3,4,2,4,6,2,3,2,5,2,7,5,4,4,5,5,6,6,5,5,"Man","Associate Professor","STEM (science, technology, engineering, mathematics)","This year","More than 10 years",NA
151,3,3,3,4,4,4,4,4,3,4,1,5,4,2,4,3,1,3,4,3,3,2,3,3,3,3,5,5,5,5,5,5,5,5,2,2,1,4,4,4,4,3,3,1,1,1,2,4,1,1,2,4,1,1,3,3,3,4,4,6,6,6,6,5,5,6,2,6,6,6,6,5,5,5,3,5,5,"Woman","PhD student","Non-STEM","This year","1-5 years","1-2 articles"
152,4,4,3,4,4,4,3,4,2,4,4,3,3,2,3,4,4,4,5,4,4,4,1,1,1,2,5,5,5,5,3,3,4,3,2,2,2,3,4,3,5,5,4,5,2,2,4,4,3,2,1,4,3,3,4,3,4,3,3,3,2,2,4,2,2,5,2,2,2,2,2,2,1,3,4,3,3,"Man","PhD student","Non-STEM","This year","1-5 years","I don't know/ This does not apply to me/ 0 articles"
153,3,3,2,2,2,2,2,1,2,2,4,4,4,4,2,3,4,4,5,5,4,4,5,5,5,5,2,4,3,2,3,4,4,4,5,5,4,5,5,3,4,5,4,1,1,1,2,2,1,1,1,4,4,4,4,4,4,4,4,2,2,2,2,2,1,5,5,6,6,4,2,7,7,6,6,5,5,"Woman","Full Professor","Non-STEM","This year","More than 10 years",NA
154,5,4,3,3,3,5,5,3,5,5,5,5,5,5,4,5,3,4,3,2,3,5,3,3,2,3,5,5,5,5,5,4,4,4,2,2,2,5,5,5,4,5,4,2,2,2,4,4,1,1,1,2,1,2,3,3,4,3,3,7,2,4,4,3,3,6,6,7,4,5,7,1,1,1,2,4,3,"Woman","Assistant Professor","STEM (science, technology, engineering, mathematics)","This year","6-10 years",NA
155,4,3,3,4,3,3,4,3,3,4,3,3,4,4,3,4,3,4,5,4,4,3,4,4,4,5,4,5,4,4,4,4,3,3,4,2,2,3,4,3,3,4,3,2,1,1,4,4,2,2,3,3,4,3,4,4,5,3,3,2,2,2,2,2,1,5,6,6,5,3,2,6,6,5,5,4,4,"Man","Full Professor","Non-STEM","This year","More than 10 years",NA
156,4,3,1,4,5,4,5,5,3,5,3,3,3,3,3,3,5,5,2,4,2,2,3,2,1,3,4,4,4,4,5,4,4,4,5,5,3,4,4,3,5,3,4,1,1,3,2,2,1,2,1,3,2,2,3,3,4,3,3,3,2,3,3,2,2,5,5,7,4,4,1,2,1,6,4,5,5,"Woman","PhD student","STEM (science, technology, engineering, mathematics)","In the last year","1-5 years","1-2 articles"
157,3,3,2,4,4,5,5,4,4,4,5,5,5,5,3,5,4,3,5,4,1,3,5,5,2,4,1,2,2,2,4,1,5,5,4,3,2,4,4,2,4,4,4,1,1,1,1,4,1,1,1,4,3,2,4,2,4,4,4,5,5,5,5,5,4,7,7,6,7,6,4,6,6,2,2,6,6,"Man","Full Professor","STEM (science, technology, engineering, mathematics)","This year","More than 10 years",NA
158,4,3,2,3,1,4,5,3,4,3,1,4,4,5,3,4,3,4,5,3,3,3,5,5,5,5,4,4,4,4,5,3,5,4,5,5,3,4,5,3,4,4,4,1,1,2,1,2,1,1,1,4,4,3,4,4,4,4,4,2,3,3,4,2,1,4,4,5,5,5,1,7,7,5,6,6,5,"Woman","Full Professor","Non-STEM","This year","More than 10 years",NA
159,4,3,2,4,4,4,2,2,2,4,3,4,4,4,2,4,3,4,3,3,3,3,4,3,1,3,3,4,3,3,3,4,3,1,2,3,2,3,4,3,5,5,5,1,1,3,2,4,3,2,2,4,4,3,4,4,4,4,3,6,6,6,4,5,5,4,5,5,4,5,3,2,2,2,4,3,3,"Woman","PhD student","Non-STEM","This year","1-5 years","1-2 articles"
160,5,4,2,4,5,4,3,4,4,5,4,2,3,5,2,5,4,5,2,4,1,3,1,1,1,1,5,5,4,5,3,3,4,3,2,3,3,4,4,3,4,4,4,2,1,2,2,4,1,1,3,2,1,2,4,4,4,4,4,2,2,2,3,2,2,6,2,3,4,6,7,2,2,2,5,4,4,"Prefer not to say","PhD student","Non-STEM","In the last year","6-10 years","More than 4 articles"
161,2,3,2,2,1,4,1,2,4,2,2,5,4,4,2,4,5,5,4,5,5,4,2,2,1,2,1,1,1,1,2,4,2,2,5,5,4,5,5,3,4,4,4,2,2,4,4,5,2,2,4,4,5,3,4,5,5,4,4,1,3,3,3,1,1,3,3,5,3,3,2,6,6,5,7,7,6,"Woman","Associate Professor","STEM (science, technology, engineering, mathematics)","This year","More than 10 years",NA
162,3,3,1,3,2,1,4,1,2,1,4,2,5,5,1,5,4,4,4,4,5,2,5,2,1,2,1,1,4,1,2,4,2,3,5,5,4,5,5,4,5,5,4,1,1,4,2,5,1,3,2,5,4,5,5,5,5,3,3,2,2,2,2,1,1,5,5,6,5,3,1,4,4,3,6,3,3,"Man","Post Doc","STEM (science, technology, engineering, mathematics)","This year","6-10 years",NA
163,3,3,2,3,3,4,4,2,4,4,3,4,3,3,4,3,4,4,4,3,4,4,4,3,3,4,4,4,4,4,4,3,3,4,2,2,2,2,3,3,4,4,4,3,1,2,4,3,2,2,1,4,4,2,4,3,4,4,3,3,4,5,5,4,4,6,4,6,5,6,4,4,5,6,5,6,6,"Woman","Full Professor","STEM (science, technology, engineering, mathematics)","This year","More than 10 years",NA
164,4,3,2,1,4,5,3,2,3,3,2,3,2,3,2,1,2,3,2,4,1,4,4,3,2,4,2,4,3,3,3,2,3,3,3,3,3,4,3,3,4,4,3,3,4,3,3,3,2,2,3,4,3,4,4,4,2,3,4,3,4,6,3,4,3,5,5,6,2,4,2,2,2,1,1,3,2,"Man","Associate Professor","Non-STEM","In the last 10 years","6-10 years",NA
165,3,3,1,4,4,4,4,4,4,4,2,4,4,5,4,5,5,4,2,2,3,2,3,1,1,2,4,4,4,4,5,5,5,5,3,3,2,4,4,2,5,4,3,1,1,2,3,4,2,3,4,3,2,4,4,2,5,4,3,6,7,7,7,7,7,5,1,5,6,6,2,7,7,3,5,3,2,"Woman","Post Doc","Non-STEM","In the last year","6-10 years",NA
166,2,3,1,2,2,1,2,2,2,1,2,3,3,4,3,4,5,5,4,3,4,4,4,4,4,4,1,1,1,1,2,2,2,2,5,5,5,5,5,5,5,5,5,2,1,3,4,3,2,3,3,4,4,3,4,5,4,3,3,3,3,3,3,3,3,3,3,5,4,4,4,5,5,5,6,3,3,"Woman","PhD student","STEM (science, technology, engineering, mathematics)","This year","1-5 years","1-2 articles"
167,2,2,2,3,4,4,5,2,3,4,4,4,3,3,3,3,4,4,4,4,4,4,4,4,4,4,4,5,4,4,2,3,3,4,4,5,4,4,4,4,4,4,4,1,1,1,1,4,1,1,4,4,4,3,3,3,4,4,4,3,3,5,3,3,3,5,3,5,3,3,3,3,3,2,5,6,5,"Woman","PhD student","Non-STEM","This year","1-5 years","3-4 articles"
168,3,2,1,2,4,2,3,2,2,1,4,4,5,4,2,5,5,5,4,5,5,5,5,5,5,5,1,1,1,1,2,3,2,2,3,2,1,4,3,3,5,5,4,1,1,2,1,4,1,1,1,5,4,3,5,5,5,4,5,2,2,2,2,2,1,1,6,6,2,2,1,5,5,5,6,6,5,"Man","Post Doc","STEM (science, technology, engineering, mathematics)","This year","More than 10 years",NA
169,3,3,3,2,3,2,2,2,2,2,3,4,4,4,4,4,4,4,4,4,3,4,5,5,5,5,3,4,3,3,2,2,2,2,4,4,2,3,3,2,4,4,4,2,1,1,2,1,1,1,1,4,4,3,4,4,4,4,4,3,2,6,3,2,2,5,2,5,2,2,2,6,6,2,2,5,4,"Man","Full Professor","STEM (science, technology, engineering, mathematics)","This year","More than 10 years",NA
170,3,3,2,2,1,1,4,4,2,4,4,5,5,5,2,5,4,5,1,1,4,1,4,3,2,4,2,4,2,2,5,4,4,1,4,5,4,5,5,3,1,3,3,2,3,2,4,2,1,2,2,1,1,3,2,3,4,3,3,2,3,6,3,2,3,2,2,2,6,3,1,3,3,5,6,4,2,"Woman","PhD student","STEM (science, technology, engineering, mathematics)","In the last year","1-5 years","3-4 articles"
171,3,3,3,3,4,5,4,3,3,4,4,4,3,4,2,4,3,3,4,4,3,4,4,4,2,4,3,4,4,4,5,4,4,3,3,3,3,3,3,2,5,3,4,3,2,2,4,4,1,2,4,4,4,3,4,4,4,4,3,2,3,3,2,2,6,5,3,7,6,6,3,6,6,6,3,3,4,"Woman","Assistant Professor","STEM (science, technology, engineering, mathematics)","This year","More than 10 years",NA
172,1,1,1,1,1,2,2,1,1,1,2,3,3,2,4,3,5,5,5,4,3,5,5,5,5,5,1,1,1,1,2,2,2,2,5,5,3,5,5,3,4,5,4,1,1,1,1,3,1,1,1,5,4,5,5,4,5,5,5,1,1,1,2,1,1,1,1,2,2,2,1,6,6,6,6,7,7,"Woman","Full Professor","Non-STEM","This year","More than 10 years",NA
173,3,1,1,1,1,1,2,2,1,2,3,4,4,2,2,4,5,5,5,5,5,5,5,5,5,5,3,2,3,3,3,2,2,2,5,2,2,3,5,3,5,5,5,1,1,1,1,1,1,1,1,5,5,4,4,4,5,5,5,1,1,1,1,1,1,4,3,7,6,5,1,6,6,2,3,6,5,"Man","Associate Professor","Non-STEM","This year","More than 10 years",NA
174,2,2,1,3,3,4,5,5,4,4,5,5,5,5,1,5,5,5,3,2,1,4,1,1,2,2,4,5,5,5,4,4,5,5,4,3,3,3,3,3,5,5,4,1,1,1,1,1,1,1,1,4,4,2,3,2,2,4,4,6,6,6,6,4,4,6,6,7,7,4,2,4,4,3,4,4,3,"Man","Full Professor","Non-STEM","This year","More than 10 years",NA
175,3,2,2,2,1,2,1,1,1,3,3,5,4,5,2,5,5,5,5,5,5,5,5,5,5,5,4,5,4,4,3,2,2,2,5,5,2,5,4,2,5,5,5,1,1,1,2,3,1,2,2,5,5,4,5,5,5,4,4,2,2,2,2,2,2,6,2,5,5,7,1,6,6,4,6,6,6,"Man","Full Professor","Non-STEM","In the last year","More than 10 years",NA
176,2,1,2,2,3,1,5,3,4,1,4,4,5,4,3,5,3,4,4,3,5,2,3,3,3,4,2,1,2,2,2,4,4,3,3,3,2,4,4,3,4,4,4,1,1,1,4,3,1,1,1,3,4,3,3,3,4,4,4,5,2,5,4,2,2,2,5,6,5,6,3,5,5,4,4,5,5,"Man","This does not apply to me","Non-STEM","This year","6-10 years",NA
177,3,2,1,3,4,4,2,2,2,4,4,4,4,4,4,5,4,5,5,4,4,4,4,2,2,3,1,1,2,2,4,4,4,2,5,5,5,5,5,5,4,4,4,1,1,1,1,2,1,1,1,5,5,4,5,3,4,4,3,3,5,5,6,5,6,2,5,3,6,3,3,3,5,3,5,3,2,"Man","PhD student","Non-STEM","This year","1-5 years","3-4 articles"
178,3,3,4,4,3,4,2,2,4,4,4,4,3,4,3,4,3,4,4,4,4,2,5,4,2,5,5,4,5,5,2,2,2,3,4,3,3,3,4,4,4,4,4,5,2,4,4,2,4,4,4,5,5,4,5,5,5,5,5,2,5,6,3,1,2,5,6,7,5,5,1,5,5,3,3,5,5,"Woman","Assistant Professor","Non-STEM","This year","6-10 years",NA
179,2,2,2,2,2,2,2,2,2,2,2,3,4,3,2,3,4,4,4,4,4,4,4,4,4,4,2,2,2,2,2,2,2,2,4,3,3,4,4,2,3,4,3,1,1,1,1,2,2,1,1,4,4,3,4,4,4,4,4,2,2,2,2,1,1,2,2,2,2,2,1,6,6,4,4,4,4,"Woman","Associate Professor","STEM (science, technology, engineering, mathematics)","This year","More than 10 years",NA
180,1,1,2,2,2,5,5,2,4,1,1,1,1,5,1,5,5,5,5,5,5,4,3,3,2,2,5,5,4,5,5,5,5,5,5,5,2,5,5,5,4,5,5,1,1,1,1,1,1,1,1,4,4,3,5,5,5,4,4,2,5,5,5,6,6,2,1,7,6,5,1,1,2,1,7,5,5,"Woman","Assistant Professor","Non-STEM","This year","6-10 years",NA
181,4,2,3,3,2,4,4,3,2,2,3,5,5,5,4,5,4,4,4,3,3,3,4,4,2,4,2,4,4,4,4,4,4,3,5,5,4,4,5,5,4,4,5,1,1,1,1,1,1,1,2,4,3,3,4,4,4,4,4,5,5,5,5,3,3,2,5,4,4,4,3,5,5,5,5,6,6,"Man","PhD student","Non-STEM","This year","1-5 years","3-4 articles"
182,4,3,3,4,2,2,4,3,2,4,5,5,4,5,3,5,3,5,5,4,5,4,5,4,2,5,2,2,2,2,4,3,4,4,5,5,3,5,5,4,4,5,5,1,1,1,2,2,1,2,1,5,5,4,5,3,5,3,3,7,2,5,5,1,1,2,5,7,6,4,1,7,7,1,5,5,5,"Woman","Assistant Professor","STEM (science, technology, engineering, mathematics)","In the last year","6-10 years",NA
183,3,1,2,2,2,5,5,1,1,3,3,4,4,5,2,5,4,4,5,4,5,4,5,5,5,5,3,4,3,3,4,4,4,5,3,3,2,4,4,4,5,5,5,1,1,1,3,3,1,1,1,5,5,3,5,3,5,5,5,7,7,7,5,6,5,7,4,6,4,4,2,7,7,2,2,5,5,"Man","Full Professor","STEM (science, technology, engineering, mathematics)","This year","More than 10 years",NA
184,2,1,2,1,2,1,4,1,2,2,1,4,3,5,3,5,4,5,4,5,5,5,3,3,2,3,2,2,2,2,3,1,2,2,5,5,4,5,5,4,5,5,5,1,1,3,3,2,1,2,3,5,5,4,5,5,5,5,5,3,2,2,1,2,2,3,2,2,2,2,1,2,2,2,4,5,5,"Man","Post Doc","STEM (science, technology, engineering, mathematics)","This year","More than 10 years",NA
185,4,3,2,3,1,2,5,3,2,4,2,5,5,3,2,4,5,5,5,5,3,5,5,5,5,5,2,2,2,2,3,3,3,3,5,5,4,4,5,3,4,4,4,1,1,1,2,2,1,2,3,5,5,4,5,4,5,4,4,5,2,5,4,3,5,6,5,7,6,6,2,3,4,6,5,6,5,"Man","Associate Professor","STEM (science, technology, engineering, mathematics)","This year","More than 10 years",NA
186,2,2,2,3,3,2,2,2,1,2,1,1,2,2,2,2,4,5,5,4,4,5,5,5,5,5,1,2,1,2,2,2,3,2,5,5,5,5,5,4,5,5,5,1,1,2,1,1,1,2,2,5,4,3,4,4,5,4,4,3,3,2,3,1,1,2,6,5,6,4,1,6,6,6,6,6,4,"Man","Post Doc","Non-STEM","This year","1-5 years",NA
187,2,2,1,1,2,2,2,2,2,3,2,5,5,5,5,4,5,5,5,4,4,5,5,4,3,5,2,1,1,1,4,4,4,4,4,4,2,5,5,5,5,5,5,2,1,3,3,3,1,3,1,5,3,3,5,5,5,5,5,2,2,3,2,1,1,5,5,5,5,5,4,4,4,5,6,6,6,"Man","Associate Professor","Non-STEM","In the last year","More than 10 years",NA
189,3,2,2,2,2,2,4,2,2,2,2,4,3,2,2,2,3,4,4,4,5,5,5,5,5,5,4,4,4,4,3,3,2,2,5,5,5,3,3,2,5,5,5,1,1,1,1,2,1,1,1,5,4,3,4,4,5,4,4,1,1,1,2,1,1,5,5,7,6,3,1,3,3,6,6,6,5,"Woman","Associate Professor","STEM (science, technology, engineering, mathematics)","This year","More than 10 years",NA
190,3,2,3,3,2,3,2,3,3,2,2,3,3,3,3,5,4,4,4,4,1,3,5,5,4,5,1,1,1,5,2,3,2,2,2,2,2,4,4,4,4,4,4,4,1,1,1,4,1,1,4,4,2,4,4,4,4,3,3,2,2,2,2,2,2,4,4,2,4,6,2,5,6,5,3,3,3,"Woman","Full Professor","STEM (science, technology, engineering, mathematics)","In the last year","1-5 years",NA
191,3,2,1,3,1,5,4,1,4,4,1,3,1,1,2,1,5,5,5,5,5,5,5,5,2,5,3,4,4,4,5,4,4,4,5,4,4,4,4,4,5,5,5,5,2,2,2,3,2,2,2,5,5,3,4,5,5,5,5,3,6,6,6,5,3,6,6,6,6,6,1,6,6,7,7,7,7,"Woman","Associate Professor","Non-STEM","In the last year","More than 10 years",NA
192,4,3,1,2,2,2,2,2,2,2,3,4,4,5,4,4,3,3,4,4,4,4,4,2,4,4,2,2,2,2,3,3,3,2,4,4,2,3,3,1,4,5,4,1,1,1,1,2,1,1,1,3,3,3,3,4,3,4,5,4,4,4,4,2,2,2,2,2,2,6,2,4,4,5,4,6,6,"Woman","Post Doc","STEM (science, technology, engineering, mathematics)","This year","1-5 years",NA
193,2,2,2,3,1,4,1,3,1,1,3,4,4,3,4,5,5,5,5,5,5,3,5,5,5,5,1,1,1,1,3,1,2,1,4,4,4,4,4,4,5,5,5,5,1,2,1,2,3,2,2,4,4,4,4,5,4,4,3,2,4,4,5,1,1,6,5,7,7,5,3,3,3,4,7,5,5,"Woman","PhD student","Non-STEM","This year","1-5 years","I don't know/ This does not apply to me/ 0 articles"
194,4,4,3,4,4,5,5,3,3,4,3,4,3,4,3,4,4,5,5,5,5,4,5,5,5,5,4,4,5,5,5,4,5,4,2,2,3,4,4,4,5,5,5,1,1,1,2,4,1,2,2,5,5,2,4,3,5,3,4,5,3,4,4,5,5,6,4,7,5,4,4,5,5,3,3,6,6,"Woman","Full Professor","STEM (science, technology, engineering, mathematics)","In the last year","More than 10 years",NA
195,3,2,2,1,1,3,5,2,3,2,3,4,3,3,3,4,5,5,5,5,5,5,5,5,5,5,3,5,4,4,4,5,5,4,5,3,3,3,4,5,3,5,4,2,1,2,2,4,1,1,1,5,5,3,5,4,5,5,5,1,1,1,2,1,1,6,6,7,6,1,1,6,7,3,6,6,6,"Woman","Assistant Professor","STEM (science, technology, engineering, mathematics)","This year","More than 10 years",NA
196,3,2,2,2,1,4,5,1,3,2,2,4,5,3,4,4,5,5,5,5,5,5,4,4,2,4,2,4,2,2,5,4,4,4,3,3,1,5,5,2,4,5,5,1,1,1,2,4,1,1,3,5,3,3,2,3,4,4,4,2,2,2,2,1,1,6,3,6,3,6,1,7,7,3,4,5,4,"Woman","Full Professor","STEM (science, technology, engineering, mathematics)","In the last year","More than 10 years",NA
197,3,2,2,3,3,4,3,2,2,4,1,1,1,2,4,3,4,4,5,5,3,4,5,4,2,5,2,4,4,4,3,3,3,3,4,2,3,3,3,2,4,5,4,2,1,3,2,5,1,1,4,5,4,3,4,5,4,4,3,2,2,2,2,2,2,6,2,7,7,2,2,7,7,5,6,3,3,"Woman","Full Professor","STEM (science, technology, engineering, mathematics)","This year","More than 10 years",NA
198,1,1,1,3,3,2,4,1,4,2,1,4,5,5,3,5,4,4,5,3,4,4,5,5,5,5,3,4,2,2,3,5,3,5,5,5,5,5,5,4,5,5,3,1,1,1,3,5,2,1,2,5,5,5,5,3,5,5,5,3,2,2,3,2,2,7,6,7,5,3,1,3,3,5,3,7,7,"Woman","Associate Professor","STEM (science, technology, engineering, mathematics)","This year","More than 10 years",NA
199,2,4,2,3,4,2,2,2,2,4,4,5,5,4,3,4,5,5,4,2,5,4,5,5,2,4,2,2,3,1,3,2,3,2,4,4,4,4,4,4,5,3,4,1,2,3,2,5,2,2,1,4,3,3,4,4,5,5,5,4,5,5,3,5,5,7,5,5,3,3,5,3,2,4,6,7,7,"Man","This does not apply to me","STEM (science, technology, engineering, mathematics)","This year","More than 10 years",NA
200,2,2,3,4,4,5,5,5,4,4,4,4,4,5,3,4,5,5,5,2,3,5,5,1,5,5,4,4,2,3,4,4,4,4,3,2,4,5,3,3,5,5,5,5,1,1,1,3,1,1,1,5,4,4,5,5,5,5,5,5,3,6,6,4,4,5,6,7,7,6,1,6,6,6,6,7,7,"Man","Full Professor","STEM (science, technology, engineering, mathematics)","This year","More than 10 years",NA
201,3,3,2,3,4,3,4,1,2,4,1,3,1,2,1,3,4,5,5,5,4,5,5,4,4,5,2,2,2,2,3,3,3,2,4,4,3,5,5,3,5,5,5,2,1,1,3,4,1,2,2,4,5,3,5,4,5,5,4,2,2,1,2,1,1,3,2,5,3,2,1,3,5,6,6,6,6,"Woman","Assistant Professor","STEM (science, technology, engineering, mathematics)","This year","More than 10 years",NA
202,3,3,3,2,1,4,4,2,2,4,3,4,4,3,2,3,4,5,5,5,5,4,5,5,5,5,4,4,2,2,4,4,4,4,3,3,3,3,4,4,4,4,4,1,1,2,2,4,1,3,1,5,5,3,4,4,4,4,4,3,6,3,3,2,2,7,6,7,6,6,2,5,6,6,5,5,5,"Woman","Associate Professor","STEM (science, technology, engineering, mathematics)","This year","More than 10 years",NA
203,5,5,3,5,4,5,5,5,2,4,5,5,5,5,4,5,3,4,1,1,1,2,4,4,1,4,5,5,5,5,5,5,5,4,2,3,3,3,2,3,2,2,2,1,1,1,1,2,1,1,1,2,1,2,2,3,2,4,3,5,6,6,6,5,5,7,2,6,6,4,4,1,1,1,1,5,5,"Woman","Post Doc","Non-STEM","This year","6-10 years",NA
204,4,4,3,5,3,5,3,4,2,5,3,4,4,5,5,5,4,4,4,4,3,4,4,2,2,3,3,4,4,4,3,2,4,4,2,2,3,4,3,2,4,5,3,1,1,1,2,4,1,4,3,3,3,3,4,2,4,4,4,2,2,2,3,3,3,2,5,3,3,3,3,3,3,5,5,5,5,"Man","Assistant Professor","Non-STEM","This year","More than 10 years",NA
205,3,2,3,3,4,2,4,2,4,4,2,2,4,2,2,2,4,4,4,5,5,5,2,4,2,2,2,3,2,2,2,5,3,3,5,5,3,4,4,4,2,4,3,4,2,4,4,4,2,3,2,3,4,4,4,4,4,4,4,3,3,3,2,1,1,5,2,6,6,2,2,1,1,1,3,2,2,"Woman","Assistant Professor","STEM (science, technology, engineering, mathematics)","In the last year","6-10 years",NA
206,3,3,4,3,2,2,4,3,3,2,4,4,4,4,5,4,2,3,4,3,3,4,5,4,4,5,2,3,3,3,3,4,4,4,2,2,1,3,3,3,4,3,3,3,1,1,2,3,1,2,2,4,3,3,4,4,4,4,4,3,3,3,5,3,3,5,4,6,5,4,3,5,5,6,5,5,5,"Woman","Associate Professor","Non-STEM","This year","More than 10 years",NA
207,3,3,2,3,3,2,4,2,5,4,4,4,4,4,2,5,3,4,3,2,3,2,2,2,2,4,2,2,3,3,3,3,3,2,5,5,3,4,5,3,4,5,4,2,2,2,1,4,1,1,2,4,4,4,5,4,5,4,4,2,2,3,2,2,2,5,2,5,3,3,3,3,3,6,7,5,5,"Woman","Post Doc","STEM (science, technology, engineering, mathematics)","In the last year","6-10 years",NA
208,4,4,2,4,4,4,5,4,5,4,5,5,4,4,3,4,4,4,4,4,4,4,4,4,2,4,4,4,4,4,4,5,4,4,4,3,3,3,3,2,2,3,2,1,1,2,1,4,1,2,1,4,3,2,4,3,4,3,3,2,2,2,2,2,2,6,6,6,6,6,2,6,6,6,6,5,5,"Non-binary / third gender","Assistant Professor","STEM (science, technology, engineering, mathematics)","This year","More than 10 years",NA
209,3,2,2,2,1,3,4,2,2,2,3,3,3,4,3,3,4,4,5,5,5,4,4,3,4,4,3,3,3,3,2,3,3,3,5,4,2,4,4,1,5,5,5,2,2,2,3,5,2,3,3,5,4,3,4,3,4,4,4,2,5,4,4,2,2,7,7,7,7,6,4,5,5,4,4,4,4,"Woman","Assistant Professor","STEM (science, technology, engineering, mathematics)","This year","6-10 years",NA
210,3,2,2,3,2,2,2,2,2,2,2,4,4,4,3,5,3,3,5,5,3,4,5,4,2,5,3,3,3,3,3,3,3,2,4,4,3,3,3,3,4,4,4,1,1,1,1,1,1,1,1,4,4,4,4,4,4,4,4,4,4,4,3,5,4,4,4,4,4,4,4,1,1,4,4,4,4,"Woman","PhD student","STEM (science, technology, engineering, mathematics)","This year","1-5 years","More than 4 articles"
211,3,3,2,2,2,1,3,2,4,5,5,5,5,5,3,4,3,4,4,5,4,4,5,4,2,2,2,2,4,3,3,3,2,2,4,4,4,3,4,4,3,4,4,1,1,1,1,1,1,1,1,4,4,3,4,2,5,3,3,5,2,5,5,3,3,5,2,5,2,3,2,1,2,2,2,3,3,"Man","Assistant Professor","STEM (science, technology, engineering, mathematics)","This year","More than 10 years",NA
212,4,3,2,3,1,5,5,3,2,2,4,4,5,5,5,5,5,5,5,2,2,5,5,5,5,5,5,5,5,5,5,5,5,1,3,3,1,5,5,4,5,5,5,1,1,1,1,2,1,1,1,5,5,5,5,5,5,4,5,7,2,7,7,7,7,7,7,7,7,7,7,7,7,2,2,6,6,"Man","Full Professor","STEM (science, technology, engineering, mathematics)","This year","More than 10 years",NA
213,2,1,2,3,4,5,4,1,2,2,3,4,4,3,2,4,5,4,5,5,5,4,5,5,1,5,2,2,2,2,4,1,3,3,5,4,4,3,3,1,4,5,5,1,1,1,4,2,1,1,2,5,4,3,5,5,5,4,4,2,1,2,2,1,1,7,5,6,6,6,3,6,6,5,6,3,3,"Woman","Full Professor","Non-STEM","This year","More than 10 years",NA
214,3,1,3,3,4,5,4,2,2,5,4,4,4,5,4,5,4,4,4,5,4,4,5,5,5,5,4,4,4,3,4,4,3,3,3,2,2,3,4,3,5,5,5,1,1,1,1,4,1,1,1,5,5,3,4,5,5,4,4,2,2,2,2,1,1,5,3,5,5,5,1,7,7,6,6,3,3,"Woman","Full Professor","STEM (science, technology, engineering, mathematics)","This year","More than 10 years",NA
215,3,3,2,4,2,2,4,3,2,2,5,4,4,2,2,1,4,4,4,5,5,5,5,5,5,5,1,2,1,1,4,4,4,4,4,4,4,4,4,4,5,5,5,4,1,4,3,5,4,4,4,5,5,5,5,5,5,4,4,4,2,4,2,2,2,5,6,6,5,6,2,6,6,6,6,6,6,"Man","Full Professor","Non-STEM","This year","More than 10 years",NA
216,3,3,2,3,4,5,5,3,4,3,3,4,2,4,2,5,4,5,3,4,4,4,4,4,3,4,5,5,5,5,5,4,4,4,4,4,2,4,4,2,5,5,5,2,2,3,4,4,2,2,4,2,4,2,3,3,5,4,4,5,5,6,7,5,5,6,5,7,6,3,4,6,6,4,6,5,3,"Man","Assistant Professor","STEM (science, technology, engineering, mathematics)","This year","More than 10 years",NA
217,3,3,2,3,4,4,4,2,3,4,2,4,5,5,4,5,3,4,4,4,2,4,1,1,1,1,4,3,4,4,4,4,3,4,4,4,3,5,5,3,4,5,4,1,1,2,2,3,1,2,3,4,3,3,4,3,4,4,3,3,5,4,5,2,2,6,5,7,6,5,4,5,4,2,4,3,3,"Man","Assistant Professor","STEM (science, technology, engineering, mathematics)","In the last year","More than 10 years",NA
218,4,4,3,5,5,4,4,4,3,4,4,5,5,5,3,4,3,3,4,4,2,4,2,2,1,2,4,4,4,4,4,4,4,4,4,3,2,3,2,1,3,3,2,2,1,3,2,3,2,2,2,3,3,3,3,2,3,3,4,5,5,6,5,5,5,6,2,6,4,4,4,1,2,3,4,5,5,"Woman","Assistant Professor","STEM (science, technology, engineering, mathematics)","This year","More than 10 years",NA
219,3,2,3,2,2,3,3,1,3,2,3,3,2,3,3,3,4,5,5,5,5,4,3,4,2,3,1,3,2,2,3,4,3,3,3,2,2,4,3,3,3,4,3,5,1,1,2,3,1,1,3,3,3,3,3,4,3,4,4,3,3,5,5,5,5,5,6,6,5,5,4,6,6,6,4,6,6,"Man","Full Professor","STEM (science, technology, engineering, mathematics)","This year","More than 10 years",NA
220,3,2,3,2,2,2,4,2,2,1,2,4,4,3,2,2,4,5,5,4,5,4,5,5,5,5,2,2,2,1,2,2,1,2,4,4,3,3,4,4,4,5,5,1,1,1,2,2,1,1,2,5,5,4,5,5,5,5,5,1,1,2,2,1,1,7,2,7,2,1,2,2,2,6,7,6,6,"Man","Assistant Professor","STEM (science, technology, engineering, mathematics)","This year","More than 10 years",NA
221,4,4,4,4,3,5,5,3,4,4,3,3,4,3,4,4,3,4,5,5,4,3,4,4,2,3,4,4,4,4,4,2,4,4,2,1,1,2,3,2,2,4,3,2,3,1,3,3,2,3,4,2,4,1,3,3,4,3,3,5,4,4,6,4,4,6,5,6,6,6,4,3,3,3,6,4,4,"Man","Associate Professor","STEM (science, technology, engineering, mathematics)","In the last 5 years","More than 10 years",NA
222,2,2,1,2,1,2,1,1,1,2,3,3,3,2,2,3,4,5,5,5,5,5,5,5,5,5,1,1,1,1,3,2,2,2,5,5,3,4,5,3,3,5,3,1,1,2,1,2,2,1,1,5,4,4,4,5,5,4,4,2,2,4,2,2,2,3,4,7,4,5,1,6,6,3,6,6,6,"Woman","Full Professor","STEM (science, technology, engineering, mathematics)","This year","More than 10 years",NA
223,4,3,2,4,5,4,4,3,3,4,3,4,4,4,2,4,4,5,4,5,3,4,3,3,1,3,2,4,3,3,3,2,4,3,4,4,4,4,4,4,4,4,4,1,1,1,1,2,1,1,2,4,3,3,4,2,3,3,3,4,4,4,4,4,3,5,3,6,5,5,4,6,6,6,7,5,5,"Man","PhD student","STEM (science, technology, engineering, mathematics)","In the last year","1-5 years","3-4 articles"
224,3,3,3,3,2,4,5,4,3,3,3,4,4,4,2,3,3,4,4,3,4,5,4,4,4,4,2,4,3,3,4,4,3,3,4,4,3,4,4,4,5,5,5,5,1,1,1,2,1,2,1,4,4,3,4,5,5,5,5,2,2,2,2,2,2,6,3,6,6,2,2,5,5,6,6,7,7,"Woman","Assistant Professor","STEM (science, technology, engineering, mathematics)","This year","More than 10 years",NA
225,3,3,2,3,4,4,2,2,2,2,4,4,4,4,2,4,4,4,5,4,2,4,4,4,2,4,2,2,1,1,3,2,3,2,4,4,3,2,3,3,4,4,4,2,2,2,1,4,2,3,4,3,3,3,3,4,4,3,3,2,2,2,3,2,2,5,2,5,3,2,2,6,6,4,6,4,4,"Man","This does not apply to me","STEM (science, technology, engineering, mathematics)","This year","6-10 years",NA
226,2,1,2,2,2,4,4,2,2,3,3,5,4,3,3,4,4,4,4,4,4,4,5,5,5,5,3,4,4,3,3,4,3,3,4,5,3,4,4,3,5,5,5,2,1,2,2,4,1,2,2,4,4,3,5,3,5,5,4,3,2,3,3,2,2,6,3,6,5,3,2,6,6,4,6,6,5,"Man","Post Doc","Non-STEM","In the last year","More than 10 years",NA
228,4,3,3,3,3,4,5,3,3,4,3,3,2,3,3,4,4,4,5,4,5,4,3,2,4,2,5,4,2,2,3,4,3,3,4,3,2,3,2,2,2,4,4,1,1,1,1,2,1,1,1,4,3,2,3,3,4,4,5,2,2,2,4,2,2,2,4,5,2,4,4,2,3,4,3,6,5,"Woman","This does not apply to me","Non-STEM","In the last year","More than 10 years",NA
229,3,3,3,2,4,4,5,1,5,4,2,4,4,4,4,5,5,4,4,4,4,5,5,5,5,5,4,4,2,3,4,4,4,4,3,4,3,3,3,2,5,5,5,1,1,1,3,4,2,2,2,4,4,2,4,4,4,4,4,3,5,4,4,4,4,5,6,6,6,4,5,3,3,3,3,5,6,"Woman","Associate Professor","STEM (science, technology, engineering, mathematics)","In the last year","More than 10 years",NA
230,2,3,3,4,2,5,5,2,3,2,2,3,3,2,5,1,5,5,4,5,5,5,5,5,5,1,2,2,3,2,3,3,3,3,5,5,4,5,5,3,4,5,3,1,1,1,2,4,2,3,1,5,5,2,3,4,5,3,2,2,2,1,2,1,1,7,6,7,7,7,4,5,5,5,5,2,2,"Woman","Assistant Professor","STEM (science, technology, engineering, mathematics)","This year","More than 10 years",NA
231,4,3,4,3,4,3,4,3,2,4,4,4,5,5,5,5,2,3,4,3,4,4,3,3,1,3,2,2,3,3,3,3,2,3,3,3,3,3,3,3,4,4,3,4,2,1,1,2,1,2,1,3,3,2,3,4,4,5,5,6,7,7,7,5,5,5,5,5,6,5,3,2,2,1,1,6,6,"Woman","PhD student","STEM (science, technology, engineering, mathematics)","In the last year","1-5 years","I don't know/ This does not apply to me/ 0 articles"
232,3,3,2,3,2,2,4,2,2,2,2,5,4,4,4,4,4,4,5,4,4,3,4,4,4,4,2,2,2,2,3,4,4,3,4,5,4,4,4,3,5,5,5,1,1,2,1,2,1,2,1,5,5,5,5,5,5,4,4,2,2,4,3,2,2,5,3,6,6,6,3,3,3,2,5,3,3,"Woman","Assistant Professor","STEM (science, technology, engineering, mathematics)","In the last year","6-10 years",NA
233,3,3,2,3,4,4,2,2,2,4,2,4,2,2,4,2,2,2,4,4,4,2,4,2,2,2,5,5,4,4,4,4,3,4,3,3,3,3,3,3,3,4,4,2,4,4,4,4,2,4,2,4,4,3,3,3,3,4,3,5,2,5,3,3,3,5,5,5,5,5,5,1,2,5,5,6,6,"Man","Post Doc","STEM (science, technology, engineering, mathematics)","This year","More than 10 years",NA
234,4,4,2,2,3,2,2,2,2,4,4,4,4,3,3,4,2,3,4,4,4,4,5,5,5,5,3,3,3,3,3,3,4,4,4,3,2,3,4,2,4,4,3,1,1,1,2,3,1,1,1,4,4,3,4,2,3,3,2,4,3,3,5,3,3,4,6,6,5,5,4,6,6,2,6,5,3,"Woman","Associate Professor","STEM (science, technology, engineering, mathematics)","In the last year","More than 10 years",NA
235,4,3,3,4,2,3,5,4,4,2,3,3,3,5,4,5,4,4,5,5,3,4,5,5,5,5,5,5,4,5,5,5,5,5,3,2,2,3,2,4,5,5,5,1,1,1,3,4,1,3,3,5,5,4,4,3,4,3,4,3,5,6,3,5,5,6,5,6,2,5,4,6,6,3,4,3,3,"Man","Full Professor","STEM (science, technology, engineering, mathematics)","This year","More than 10 years",NA
236,4,3,2,3,5,5,5,4,2,5,3,3,2,5,4,5,4,4,4,3,2,3,3,3,3,3,5,5,5,5,3,3,3,5,3,4,2,3,3,3,4,4,4,1,1,1,1,2,1,2,1,3,3,2,3,3,4,3,3,4,3,5,3,4,4,7,4,6,4,4,5,1,1,1,1,5,4,"Woman","PhD student","Non-STEM","This year","1-5 years","1-2 articles"
237,4,3,3,3,3,4,5,3,4,4,2,2,3,4,3,4,3,5,4,4,3,4,2,1,1,2,2,2,2,2,4,4,4,4,4,4,4,4,4,4,5,4,4,5,2,4,4,5,1,2,2,2,3,3,4,3,3,5,5,5,5,6,7,4,4,7,3,7,6,5,3,4,4,1,5,3,3,"Woman","Assistant Professor","Non-STEM","This year","More than 10 years",NA
238,1,2,3,2,1,2,2,1,2,2,2,4,2,2,2,1,4,4,5,4,5,4,5,5,5,5,2,2,2,2,3,3,3,2,3,4,3,4,4,3,5,4,4,2,1,2,5,4,4,4,4,5,5,4,5,3,5,5,5,NA,NA,NA,NA,NA,NA,NA,NA,NA,NA,NA,NA,NA,NA,NA,NA,NA,NA,"Man","Full Professor","STEM (science, technology, engineering, mathematics)","This year","More than 10 years",NA
239,2,3,2,3,4,4,4,3,4,4,4,4,4,4,4,4,3,3,4,3,4,4,4,4,4,4,3,3,3,3,3,3,3,2,3,3,3,3,3,3,4,4,4,2,2,2,2,3,2,2,2,4,4,3,4,4,4,4,3,2,2,3,2,2,2,4,6,2,6,2,2,2,2,2,2,4,4,"Man","Assistant Professor","Non-STEM","In the last year","More than 10 years",NA
240,2,1,2,1,1,1,4,1,2,2,4,3,2,2,2,1,5,5,5,5,5,5,5,5,5,5,3,2,4,4,4,3,4,4,5,5,5,4,4,3,1,5,5,5,1,1,2,5,1,1,1,5,5,5,5,5,5,5,5,2,1,1,2,1,1,2,3,6,3,7,2,7,7,5,5,5,5,"Man","Full Professor","Non-STEM","This year","More than 10 years",NA
241,3,3,3,3,4,5,5,4,4,4,4,5,5,5,2,5,5,5,2,2,3,4,5,5,5,5,4,4,4,4,5,5,4,4,5,5,4,5,5,5,5,5,5,1,1,2,1,5,1,3,2,4,4,5,5,4,5,4,4,2,3,3,3,1,1,6,4,7,5,2,1,6,6,2,3,4,5,"Man","Post Doc","STEM (science, technology, engineering, mathematics)","This year","1-5 years",NA
242,4,3,2,4,3,4,4,3,2,4,4,5,4,5,4,4,4,5,4,3,4,4,NA,NA,NA,NA,4,5,5,5,5,4,5,5,5,3,4,4,5,3,4,4,4,1,1,3,4,4,2,3,3,4,3,3,4,5,4,4,3,4,5,5,7,3,3,5,6,6,5,3,3,1,1,1,4,5,5,"Man","PhD student","Non-STEM","In the last year","1-5 years","3-4 articles"
243,3,3,2,4,1,4,4,3,2,4,4,5,5,4,4,3,3,4,5,5,2,2,5,5,5,5,2,4,3,2,4,3,4,3,4,5,2,2,2,2,5,5,5,2,1,3,5,4,2,4,4,5,5,3,4,3,5,4,4,6,6,6,6,4,4,6,6,7,6,6,3,6,6,2,2,6,6,"Man","Full Professor","STEM (science, technology, engineering, mathematics)","This year","More than 10 years",NA
244,3,2,2,2,1,4,4,2,3,3,1,5,5,2,4,4,4,4,4,4,4,4,5,5,2,5,2,2,4,2,4,3,4,4,3,3,1,4,5,4,5,5,5,1,1,1,1,1,1,2,1,4,2,3,3,4,5,2,2,6,5,6,7,3,5,2,6,6,7,5,2,5,5,4,6,2,2,"Woman","PhD student","Non-STEM","This year","6-10 years","3-4 articles"
245,3,4,3,4,3,4,5,3,5,3,4,4,5,5,4,5,4,3,3,4,4,3,4,3,2,4,4,4,4,4,4,4,4,4,2,2,3,3,3,2,2,3,3,3,4,3,3,3,2,3,2,2,3,3,4,3,4,3,2,5,6,5,5,3,3,4,5,5,4,5,2,6,6,3,4,3,3,"Man","Associate Professor","STEM (science, technology, engineering, mathematics)","This year","More than 10 years",NA
246,3,2,3,2,4,4,3,3,2,4,4,4,2,2,4,3,4,3,2,4,4,3,5,5,4,4,4,2,3,4,3,3,4,3,3,2,3,3,3,3,3,4,3,2,2,2,2,3,1,1,1,4,2,2,2,3,3,3,3,3,4,3,5,5,4,4,3,4,3,2,3,5,5,2,2,3,2,"Man","Full Professor","STEM (science, technology, engineering, mathematics)","In the last year","More than 10 years",NA
247,4,4,2,4,2,1,2,2,2,4,5,3,3,4,4,3,5,4,5,5,4,5,5,4,3,4,1,2,2,2,3,3,4,4,4,4,4,5,5,5,4,4,4,1,1,2,2,4,2,2,1,4,4,4,4,4,4,4,4,2,3,2,2,2,1,5,3,4,3,5,2,5,5,1,4,2,1,"Man","Assistant Professor","STEM (science, technology, engineering, mathematics)","This year","More than 10 years",NA
248,3,3,2,3,4,4,5,5,4,4,1,4,5,5,3,4,5,5,4,4,2,4,3,3,2,3,2,3,2,3,3,3,3,2,5,5,4,5,5,2,5,5,5,1,1,1,1,2,1,1,1,3,2,3,4,4,4,3,4,3,3,5,5,5,3,6,6,4,5,6,5,3,3,2,7,5,4,"Woman","PhD student","Non-STEM","This year","1-5 years","1-2 articles"
249,3,4,3,3,2,5,5,1,4,5,1,5,5,5,4,5,3,4,5,4,4,4,4,4,3,4,5,5,5,5,5,2,4,5,5,5,3,4,5,4,5,5,5,1,1,1,2,4,2,2,2,3,3,3,4,3,4,3,3,1,2,1,2,1,1,2,2,7,2,1,1,6,6,5,7,4,3,"Woman","Post Doc","Non-STEM","This year","6-10 years",NA
250,4,3,2,2,5,4,4,4,3,4,4,4,4,4,2,4,3,4,3,2,2,2,2,2,1,2,3,4,3,4,3,3,4,3,5,5,4,4,4,4,4,4,4,1,1,2,2,2,1,2,2,4,4,4,3,4,4,3,4,4,3,6,4,4,5,5,3,5,3,3,5,6,6,6,6,4,3,"Man","Post Doc","Non-STEM","This year","6-10 years",NA
251,2,2,2,2,1,2,2,1,1,1,2,2,3,4,2,4,4,5,5,5,5,5,2,2,2,2,2,2,2,2,3,2,2,2,5,5,3,5,5,2,4,5,4,1,1,1,1,4,1,1,2,5,4,4,5,4,4,3,3,1,1,1,1,1,1,2,2,2,2,2,1,5,5,6,6,4,3,"Woman","PhD student","Non-STEM","In the last year","1-5 years","3-4 articles"
252,3,2,1,3,2,4,5,4,3,4,3,4,5,4,2,4,3,5,5,4,4,4,5,5,4,5,4,4,4,4,3,3,3,4,2,4,2,5,3,3,4,5,3,1,1,2,2,3,2,2,3,5,3,3,4,3,4,4,4,4,4,3,5,4,4,5,6,4,6,5,1,6,6,3,5,3,2,"Man","Associate Professor","Non-STEM","This year","More than 10 years",NA
253,3,2,2,2,1,3,3,2,2,2,3,3,4,3,3,3,4,5,5,5,4,4,5,5,3,4,3,3,2,2,3,4,2,3,1,2,1,4,5,3,4,4,4,1,1,2,2,2,1,2,2,4,4,4,4,4,4,4,4,6,5,5,5,4,3,3,4,5,4,4,2,2,3,2,4,6,5,"Woman","Associate Professor","Non-STEM","This year","More than 10 years",NA
254,3,2,3,2,3,5,4,3,4,5,4,4,5,4,2,4,2,2,4,4,4,2,5,5,2,4,4,5,4,5,2,4,3,3,3,2,2,3,3,3,4,4,4,5,4,3,4,5,4,5,4,3,3,3,4,4,4,3,3,2,4,5,2,2,2,3,3,6,2,5,1,5,5,1,2,2,6,"Woman","This does not apply to me","Non-STEM","In the last year","1-5 years",NA
255,2,1,1,2,1,1,1,1,3,5,1,4,1,1,2,5,5,5,5,5,5,5,5,5,5,5,2,2,2,2,4,3,3,2,5,5,2,3,5,2,5,5,5,1,1,5,5,5,1,1,5,5,5,4,5,5,5,4,4,3,2,2,4,1,1,1,4,6,5,4,1,6,6,6,6,5,5,"Prefer not to say","Assistant Professor","STEM (science, technology, engineering, mathematics)","This year","6-10 years",NA
256,2,2,1,3,1,1,4,1,2,2,2,5,5,3,3,3,4,3,5,4,5,4,4,4,2,4,1,2,2,2,4,4,4,3,5,5,4,4,5,4,5,5,5,2,1,2,2,3,1,2,2,5,4,4,4,4,4,4,4,2,2,4,5,2,2,5,5,6,6,5,3,5,5,4,5,5,5,"Man","Associate Professor","Non-STEM","This year","More than 10 years",NA
257,3,3,2,4,3,4,3,3,2,2,5,5,4,5,1,4,4,4,2,4,4,3,5,5,1,1,2,3,2,2,4,3,3,3,3,1,1,4,4,4,4,4,3,4,2,2,3,5,1,2,1,3,3,4,5,4,3,3,3,3,2,3,3,3,3,4,3,4,4,2,3,5,5,2,2,2,2,"Woman","Full Professor","Non-STEM","In the last year","More than 10 years",NA
258,3,2,2,2,2,5,4,2,2,4,4,4,4,3,3,4,4,4,5,5,4,4,5,5,4,5,4,4,4,4,4,4,4,4,4,5,3,4,5,3,4,4,4,1,1,2,4,3,2,2,1,5,4,4,3,3,3,4,5,2,2,2,2,2,2,5,4,7,5,4,3,6,6,3,5,6,6,"Man","Full Professor","STEM (science, technology, engineering, mathematics)","This year","More than 10 years",NA
259,4,2,2,3,4,2,5,2,3,4,4,4,4,4,4,4,3,4,5,3,4,4,5,5,5,5,4,4,4,4,4,4,4,4,4,3,2,3,3,2,3,4,3,1,1,1,2,2,1,1,1,5,5,5,5,4,5,4,4,2,3,4,3,3,3,6,5,6,5,5,6,6,6,3,3,3,3,"Man","Full Professor","STEM (science, technology, engineering, mathematics)","This year","More than 10 years",NA
260,3,1,1,2,2,4,4,2,2,4,3,4,4,4,1,4,5,5,5,5,5,4,5,4,2,5,2,3,3,3,4,2,2,2,5,5,3,5,5,3,4,5,4,1,1,2,2,4,1,1,2,5,5,3,4,3,5,5,4,2,2,2,2,1,1,2,5,5,5,4,1,6,6,4,7,3,3,"Man","Assistant Professor","Non-STEM","This year","1-5 years",NA
261,3,2,1,2,3,4,4,3,4,3,4,5,5,4,3,4,4,4,4,2,3,4,5,4,3,3,1,5,5,5,4,4,5,4,4,3,3,3,4,3,4,5,4,4,1,3,4,4,1,1,1,4,4,3,3,3,4,5,5,3,4,6,4,1,1,6,6,6,7,7,1,5,5,3,2,6,7,"Woman","Associate Professor","Non-STEM","This year","6-10 years",NA
262,3,2,2,1,1,5,5,1,3,1,2,3,2,3,2,3,4,5,3,3,5,5,5,2,3,5,4,4,3,3,4,4,4,4,5,5,3,4,4,2,5,5,5,5,1,3,3,4,1,1,2,5,4,3,4,2,4,5,5,2,1,1,1,1,1,6,6,6,7,7,2,7,7,4,6,7,7,"Woman","Full Professor","STEM (science, technology, engineering, mathematics)","This year","More than 10 years",NA
263,2,2,2,2,3,1,1,1,2,1,1,2,2,4,2,4,5,5,5,5,5,3,5,5,1,5,1,1,1,1,2,3,3,2,5,5,5,5,5,5,5,5,5,1,1,1,1,2,2,1,1,5,5,5,5,5,5,5,5,1,1,1,1,1,1,2,2,5,1,1,1,7,7,7,7,7,7,"Woman","Assistant Professor","STEM (science, technology, engineering, mathematics)","This year","More than 10 years",NA
264,3,2,3,2,4,5,5,4,3,4,2,3,5,5,2,5,5,5,4,2,3,3,5,1,5,5,4,4,3,3,4,4,3,4,3,3,3,4,4,4,4,4,4,4,1,1,3,3,1,1,1,3,4,3,3,3,4,4,4,3,2,2,2,2,2,5,6,6,3,6,2,6,6,3,3,3,2,"Woman","Full Professor","Non-STEM","In the last year","More than 10 years",NA
265,4,3,2,2,3,4,4,3,2,4,5,5,5,5,3,5,5,5,5,4,4,4,5,5,5,5,5,5,4,5,4,5,4,4,3,3,2,4,3,1,4,5,4,4,2,2,3,1,1,2,1,5,4,2,4,3,3,4,3,2,2,3,5,2,1,5,4,7,5,2,3,6,6,5,5,6,6,"Woman","Associate Professor","STEM (science, technology, engineering, mathematics)","This year","More than 10 years",NA
266,3,2,2,3,4,5,4,2,2,4,4,5,4,5,4,5,4,5,5,4,4,4,5,5,5,5,2,4,2,2,4,3,4,4,5,5,4,5,5,4,5,5,5,1,1,1,2,4,1,1,1,4,4,3,4,3,4,4,4,1,2,2,2,1,1,5,5,6,5,4,3,6,6,6,6,6,6,"Woman","Associate Professor","STEM (science, technology, engineering, mathematics)","This year","More than 10 years",NA
267,4,3,2,3,4,5,5,3,5,5,3,4,4,5,2,5,2,3,4,5,3,4,4,4,3,4,4,4,5,4,4,3,3,4,3,4,2,4,3,3,4,5,5,4,2,3,3,5,2,1,3,5,3,3,3,4,5,4,4,3,4,3,3,2,3,5,6,4,5,2,2,5,4,2,2,2,6,"Woman","Assistant Professor","Non-STEM","This year","More than 10 years",NA
268,3,3,2,4,4,2,2,2,2,4,2,4,4,4,4,4,4,4,4,4,4,4,2,2,2,3,2,2,2,2,3,4,3,2,5,5,4,3,4,2,4,3,4,1,1,1,1,1,1,1,2,4,4,3,4,4,3,3,3,3,5,5,4,2,2,2,6,5,6,6,2,2,2,3,5,5,3,"Man","Post Doc","Non-STEM","This year","1-5 years",NA
269,3,3,3,3,4,4,4,3,3,4,4,4,4,4,3,5,4,3,4,3,2,4,4,4,1,5,3,4,3,3,4,4,4,4,3,3,2,3,3,2,4,4,4,1,1,1,1,1,1,1,1,4,4,3,4,3,4,3,3,5,5,5,4,4,4,5,4,5,4,4,3,3,2,3,3,3,3,"Woman","Post Doc","STEM (science, technology, engineering, mathematics)","This year","More than 10 years",NA
